label,mu_1,mu_2,mu_3,mu_4,mu_5,mu_6,mu_7,mu_8,mu_9,mu_10,mu_11,mu_12,var_1,var_2,var_3,var_4,var_5,var_6,var_7,var_8,var_9,var_10,var_11,var_12
1.0,-0.009872027,0.004376497,0.015316036,0.0018871203,-0.00302938,-0.013036586,-0.007020753,-0.00564339,-0.0088013895,-0.006834585,0.008110262,-0.004160244,0.9969108,0.9987152,0.9946035,0.9958373,0.9922417,0.9913811,0.9882851,0.9982448,1.0009332,0.99614894,0.99707234,0.9948661
1.0,0.024012908,0.0044513606,0.007792484,-0.0011491477,0.0049085543,-0.007075835,0.00373362,-0.002316296,-0.009018446,0.0052070636,-0.008498646,-0.0013389029,0.9960482,0.9979947,0.9836723,0.99062586,1.0004051,1.0082524,0.97546154,1.0086997,1.0012645,1.006889,0.9967041,1.0100386
1.0,0.043695815,0.0053706765,-0.010063961,0.01591745,0.025048543,0.020520419,0.015219025,0.010789132,0.014221875,0.011901611,-0.04289484,0.0076019615,0.99877846,0.9918494,0.99923337,0.99922353,1.011006,0.98457515,0.9894108,0.9764112,0.97745776,1.0098393,0.9672466,0.99985015
1.0,0.0019873306,0.0056754835,0.014922481,0.0012173876,0.0010628477,-0.012381546,-0.004437182,-0.006041251,-0.009100471,-0.002934467,0.003180869,-0.0015633106,0.9970882,0.99807936,0.989816,0.99308026,0.9942744,0.9988426,0.9845794,1.0027066,1.0032666,1.0001109,0.99927604,1.0002756
1.0,0.026559085,0.0025017597,-0.004950404,0.013524443,0.015081249,0.010896556,0.012596309,0.0073801763,0.008662846,0.0060156174,-0.027118757,0.0010217875,0.9956914,0.99466944,0.99781775,1.0005924,1.0050474,0.98317486,0.98812085,0.9833994,0.98249143,1.0038387,0.97283614,0.9982964
1.0,-0.0063246563,0.0051379725,0.016277302,0.0020600483,-0.00072747096,-0.013207521,-0.0073455423,-0.00693395,-0.00908269,-0.005669512,0.007064268,-0.0023097545,0.99725556,0.9977861,0.9927146,0.9946254,0.9924159,0.9939897,0.9877615,0.9999937,1.0023357,0.9981043,0.99870306,0.996474
1.0,0.021080367,0.002310805,-0.0029837638,0.011889964,0.01198883,0.007905148,0.009880953,0.0055188276,0.0062246714,0.0038939137,-0.022262715,-0.00012169406,0.9957896,0.99483466,0.998072,0.9999387,1.0028961,0.9836293,0.9881671,0.9851471,0.9842824,1.0031477,0.9753478,0.9974263
1.0,-0.00066411495,0.0057278574,0.015395466,0.0013071299,0.00018329546,-0.01297481,-0.005170718,-0.006094843,-0.009182018,-0.0038474612,0.0044647083,-0.0019748136,0.9970733,0.9983219,0.9906947,0.9934925,0.9937394,0.9975177,0.98541975,1.0019286,1.0031701,0.9990717,0.9993019,0.99926066
1.0,-0.008798875,0.0046819225,0.016189154,0.002456382,-0.0013077743,-0.013055015,-0.008117307,-0.007046137,-0.008736306,-0.0063882433,0.00792712,-0.0027349591,0.99713033,0.9975952,0.9938958,0.9954048,0.9919412,0.9917173,0.9887314,0.9988591,1.0013297,0.9975865,0.99781144,0.9953263
1.0,-0.008339006,0.0047624223,0.01631971,0.0024995357,-0.0009618923,-0.013009924,-0.008181937,-0.0072377212,-0.008817739,-0.006251,0.00779666,-0.0024453364,0.997223,0.99741364,0.9936497,0.9952321,0.9919519,0.9920967,0.9887109,0.9990686,1.0015348,0.99791944,0.99802613,0.99546236
1.0,-0.010249592,0.0040601976,0.015364338,0.002794899,-0.0019059032,-0.012420617,-0.008087184,-0.0065989196,-0.0081607085,-0.006749835,0.007969886,-0.0034287423,0.99688107,0.9975684,0.99506134,0.99626094,0.99185675,0.9895816,0.98926663,0.9976526,0.999918,0.9971219,0.99631685,0.9944805
1.0,0.010989502,0.0015932173,0.0010946915,0.009748697,0.006928928,0.0023396686,0.005642023,0.0026949197,0.0024455767,0.0007393528,-0.013309844,-0.0023852922,0.9952688,0.9958508,0.99768853,1.0000384,0.99957985,0.98327726,0.988321,0.9885354,0.98740953,1.0007874,0.97958744,0.9963234
1.0,-0.0043557845,0.0055317096,0.015799534,0.0014092177,-0.0010272935,-0.013431925,-0.006087683,-0.0061013587,-0.009388136,-0.0051091183,0.0061589107,-0.0026376396,0.99716365,0.99852437,0.9919971,0.99410367,0.9930603,0.99579346,0.9865965,1.0007435,1.0028958,0.99785084,0.99908906,0.99755675
1.0,-0.00834972,0.004893832,0.015950184,0.0018569902,-0.0020654164,-0.0134049095,-0.0072409436,-0.006281361,-0.009016857,-0.006340366,0.0077958703,-0.0033270381,0.9970541,0.9984194,0.9936659,0.9951832,0.9922803,0.992777,0.9879991,0.9991898,1.0017823,0.99688274,0.9981013,0.9957147
1.0,-0.010516923,0.0033275671,0.013228949,0.0006897375,-0.0065088384,-0.012649,-0.0035694279,-0.001967527,-0.008716149,-0.0072175413,0.0079120025,-0.007341355,0.99627054,1.0015315,0.9951971,0.9968726,0.9934123,0.99142927,0.98643124,0.9976534,1.0003686,0.99311197,0.9954483,0.9945754
1.0,-0.00861156,0.004721403,0.016252588,0.0024821013,-0.0011633337,-0.01304448,-0.008157991,-0.007129237,-0.008774597,-0.006328035,0.007878028,-0.002607543,0.9971646,0.99752104,0.99379194,0.99534017,0.9919428,0.9918524,0.9887315,0.9989466,1.0014114,0.997722,0.9979054,0.995393
1.0,0.009979688,0.0011863448,0.0014740862,0.00878372,0.0052999146,0.0019620433,0.0064017214,0.0032099914,0.0018526968,-1.4591962e-05,-0.011930957,-0.003307581,0.99527526,0.9968589,0.99735445,0.99993,0.9993595,0.9843821,0.9874053,0.98909813,0.98855287,1.0000248,0.9802656,0.9960529
1.0,-0.009838443,0.0032070838,0.013400599,0.0032440424,-0.0022373497,-0.010789171,-0.006698493,-0.0052882805,-0.007125642,-0.006560458,0.00652916,-0.004291497,0.9965439,0.9976494,0.99617136,0.997199,0.9923968,0.98772395,0.9892562,0.99617976,0.9979453,0.9969064,0.99382323,0.99396163
1.0,-0.0018761158,0.0016656183,0.0073350817,0.0056546405,0.00028117374,-0.0048755296,-0.0006593652,-0.001173228,-0.0030602403,-0.0038523395,-0.0014853626,-0.004672397,0.99569654,0.9973636,0.99729484,0.9989447,0.99536824,0.9850842,0.98836285,0.9927299,0.9929132,0.9980203,0.9868163,0.994582
1.0,-0.0034720227,0.0051597543,0.016647097,0.002574049,0.0012324154,-0.01277788,-0.007558711,-0.007963251,-0.008383809,-0.0046118833,0.0059773773,-0.0009828694,0.9971676,0.9969052,0.99148995,0.9942777,0.992559,0.9945869,0.98732173,1.0010626,1.0024844,0.999794,0.9990159,0.9978279
1.0,0.0024978146,0.0016535223,0.005071152,0.007368371,0.0029522255,-0.0023878776,0.0010249652,-0.00021609291,-0.0010575708,-0.002152523,-0.0057289675,-0.0036587752,0.99549836,0.9963768,0.9976396,0.9993895,0.9966788,0.98384213,0.98872143,0.99115914,0.99056333,0.9993104,0.9840735,0.99518555
1.0,-0.0021894425,0.0054691583,0.015854422,0.0017574355,0.00037726015,-0.012876697,-0.0061259605,-0.0067083836,-0.009144034,-0.0043389704,0.0052303597,-0.0016953461,0.99725187,0.99778575,0.9911432,0.9937953,0.9932512,0.9964715,0.9863159,1.0014217,1.0030216,0.99922544,0.9992257,0.9983238
1.0,-0.010481562,0.003670428,0.014040142,0.0014735609,-0.004768502,-0.0125705,-0.0053617284,-0.0038063712,-0.00847886,-0.0070727207,0.0079315975,-0.005840577,0.9965022,0.9999951,0.99525386,0.9966229,0.9927763,0.9906604,0.98756427,0.99757177,1.0001512,0.9946416,0.9957629,0.9945221
1.0,0.0029882267,0.0016616583,0.0048102513,0.0072245896,0.0028948486,-0.002044227,0.0013752617,9.927899e-06,-0.0010704454,-0.0021890942,-0.006070599,-0.0035949945,0.99564314,0.9964248,0.99766916,0.999199,0.9967772,0.98426634,0.9885668,0.9909821,0.9906267,0.999499,0.98394644,0.9950997
1.0,0.0007872805,0.0012706369,0.005813893,0.006193958,0.00087322295,-0.003247358,0.0016094446,0.0003318973,-0.0019683447,-0.0030530635,-0.0037297904,-0.004831087,0.9954741,0.99771047,0.997184,0.9993377,0.99640405,0.9850892,0.9877279,0.992011,0.9920371,0.9980814,0.98516154,0.9949165
1.0,0.002313055,0.0022263154,0.0052709617,0.0073686317,0.0037209354,-0.0024576224,-0.0004220493,-0.0013537519,-0.0013071299,-0.0023126528,-0.0058295876,-0.0027885549,0.99594957,0.9953184,0.9981519,0.99875784,0.9961925,0.98381126,0.9895315,0.990885,0.99037457,1.000361,0.98443097,0.9949166
1.0,-0.0010916218,0.001579795,0.006881643,0.0056400076,0.00033135712,-0.0043429807,0.00011761114,-0.0006957911,-0.002786477,-0.0037259683,-0.0020875335,-0.004788216,0.9956912,0.99753225,0.99730104,0.9989667,0.9956429,0.9853226,0.988069,0.9925261,0.9927691,0.9980272,0.9864055,0.9946261
1.0,-0.010495804,0.003587529,0.014467098,0.002797909,-0.002784878,-0.012116019,-0.007280886,-0.005525604,-0.007931633,-0.006759839,0.0076467097,-0.00431069,0.99658984,0.9981568,0.99547255,0.9968232,0.99223125,0.9887463,0.9890172,0.99712783,0.9992117,0.9963322,0.9953385,0.99431753
1.0,-0.010019749,0.004068639,0.016270604,0.0043441355,0.0009921305,-0.011810802,-0.010612292,-0.009074885,-0.0076139877,-0.00638834,0.007788487,-0.0011692718,0.99719256,0.9950242,0.9950172,0.9962287,0.9910419,0.98790413,0.9910552,0.9974653,0.999173,0.99966645,0.9962739,0.9942084
1.0,-0.00018917769,0.0055383034,0.01558407,0.0016498044,0.00096142665,-0.012601826,-0.005531609,-0.006644305,-0.008958382,-0.0036360305,0.0043113083,-0.0014356934,0.9971551,0.9977645,0.99046844,0.99350286,0.99363863,0.99738866,0.9856018,1.0020705,1.003098,0.9998312,0.9992671,0.9992837
1.0,-0.0002584383,0.0018678308,0.0065229163,0.006236501,0.0015479922,-0.0038836673,-0.0004710965,-0.0012297556,-0.0023903223,-0.0033204127,-0.0031271428,-0.0039869845,0.99581826,0.9965989,0.99764043,0.99883056,0.995665,0.9847047,0.9887507,0.99201447,0.99199605,0.99894065,0.9859082,0.994668
1.0,-0.0028149933,0.0053765997,0.016044501,0.0019662008,0.00047995523,-0.012820896,-0.006543372,-0.006967351,-0.00912452,-0.004520528,0.005543351,-0.0015699044,0.99730957,0.997551,0.991344,0.99394333,0.9930451,0.9959657,0.9867161,1.0012044,1.0029137,0.9993073,0.99917656,0.997961
1.0,-0.010375716,0.003836792,0.014773723,0.0026361048,-0.002554603,-0.012139555,-0.0074428134,-0.005868815,-0.008173037,-0.0068492144,0.0077760294,-0.003983151,0.99681765,0.9979791,0.9953539,0.9964776,0.99208343,0.98942137,0.9890606,0.997291,0.9996293,0.9966672,0.99577826,0.99426746
1.0,0.004554063,0.0015560985,0.004009608,0.0075711533,0.0034332238,-0.0011387467,0.0025321096,0.0007391721,-0.00038618036,-0.0016920306,-0.007416986,-0.003583435,0.9955444,0.99651474,0.99764293,0.99937105,0.9973659,0.98425376,0.9882957,0.9905528,0.9901097,0.9995919,0.9830825,0.99532187
1.0,-0.007564027,0.0023899674,0.010935411,0.0033312961,-0.0027083643,-0.0086291805,-0.0036523454,-0.0029775985,-0.0061087683,-0.006067971,0.004172452,-0.0053170472,0.99629974,0.9983997,0.99668694,0.99780834,0.993548,0.98750466,0.9882832,0.9949632,0.99655616,0.99659353,0.9913155,0.99385804
1.0,-0.0096194185,0.0033004247,0.013434429,0.003713064,-0.0012563728,-0.010410912,-0.0074574873,-0.0060402527,-0.0070409384,-0.006457748,0.006194897,-0.0034784563,0.996776,0.9966948,0.99633837,0.99702924,0.9921702,0.9873163,0.98993784,0.9958821,0.9975952,0.99791265,0.9936466,0.9937324
1.0,-0.010058008,0.00401818,0.016145866,0.004375167,0.0010493733,-0.011653297,-0.010573646,-0.009063534,-0.007549042,-0.006386917,0.0077091977,-0.0011862479,0.99721247,0.99494797,0.99515134,0.99625653,0.99103796,0.9878048,0.9911274,0.99732995,0.99899995,0.99974406,0.9960842,0.9940986
1.0,-0.0044962578,0.0061471313,0.014321424,-0.00060186535,-0.0043389797,-0.014622483,-0.0032922514,-0.0030395016,-0.01035081,-0.0054177344,0.005925633,-0.005306028,0.9968007,1.0013239,0.9922993,0.99375093,0.99409986,0.9980156,0.9847231,1.0008485,1.0034324,0.99483454,0.99920815,0.99808544
1.0,-0.010539383,0.003552135,0.013606265,0.0006365925,-0.006319221,-0.013074316,-0.0038952008,-0.0023021773,-0.008689174,-0.0071584117,0.0081125945,-0.00721116,0.99622095,1.0015053,0.9950286,0.99672097,0.993303,0.9916115,0.9864171,0.99798065,1.0005833,0.9931083,0.9958903,0.9948455
1.0,-0.01013967,0.0041560084,0.015399564,0.0025753751,-0.0021296777,-0.012547255,-0.007866342,-0.0064196885,-0.008365178,-0.0067806523,0.008025788,-0.003539078,0.99693096,0.9978018,0.994928,0.9961181,0.991927,0.9900982,0.9890575,0.99781287,1.0002205,0.99696046,0.9965528,0.994548
1.0,0.0038485825,0.005559318,0.014668744,0.0013222024,0.0018352047,-0.011873592,-0.0041311793,-0.0061561055,-0.008942981,-0.0022734534,0.0022975802,-0.001108069,0.9970789,0.9977465,0.9891814,0.9929042,0.99459785,0.99938595,0.98409235,1.003227,1.0032308,1.0009978,0.99919635,1.0010159
1.0,-0.008952368,0.004738651,0.015794437,0.0019007549,-0.002490729,-0.013480414,-0.0072570182,-0.006017875,-0.008938918,-0.006483188,0.00797639,-0.0036703385,0.99691427,0.9986205,0.99393636,0.9954767,0.9922808,0.99210954,0.98808604,0.9989309,1.0014812,0.9964562,0.9978168,0.99555856
1.0,-0.010368235,0.0039870925,0.014682744,0.0017307401,-0.00398086,-0.012912009,-0.006284345,-0.004708294,-0.008560911,-0.0069553033,0.0080957115,-0.00509483,0.9966148,0.9994053,0.99498606,0.99634206,0.99249655,0.99072695,0.98796165,0.997883,1.0004187,0.9952509,0.9963591,0.99472576
1.0,-0.008511517,0.004827291,0.016058292,0.0020521656,-0.0018387251,-0.013349328,-0.007525269,-0.006532315,-0.008839785,-0.0063358545,0.007866479,-0.0031766444,0.9970142,0.9982105,0.9937373,0.9953006,0.99216336,0.9923385,0.9882,0.9991165,1.0015947,0.99703974,0.9980021,0.9956706
1.0,-0.009846915,0.0035322346,0.014209829,0.004367724,5.562976e-05,-0.010595579,-0.009120878,-0.007461928,-0.007088978,-0.006358821,0.0064441487,-0.0022724494,0.9969694,0.9954777,0.99623203,0.9968614,0.9916446,0.98666114,0.99092895,0.9959811,0.9975084,0.9990612,0.99408907,0.99367404
1.0,-0.009541128,0.0045323297,0.015492093,0.0017582476,-0.0031140745,-0.013503555,-0.0069326907,-0.005558282,-0.008780049,-0.0066614673,0.008120924,-0.0042622425,0.99675107,0.99901843,0.9942607,0.9957465,0.9923531,0.9917015,0.9879546,0.99867386,1.0011944,0.9958639,0.9974422,0.9953654
1.0,-0.009908181,0.0024932586,0.011770625,-1.8417835e-05,-0.008068364,-0.011498734,-0.00072045624,0.0002977699,-0.008128965,-0.007369481,0.007321276,-0.009116016,0.99592984,1.0030504,0.99542916,0.9975227,0.9941785,0.9918358,0.9849668,0.9972854,0.99995637,0.9917987,0.994119,0.99439776
1.0,0.0014825165,0.0056807846,0.015052658,0.0012789294,0.00094730034,-0.012486342,-0.0046360493,-0.006105341,-0.009103911,-0.0031132326,0.0034328997,-0.0015762039,0.99709445,0.99807537,0.989969,0.993168,0.9941524,0.99852604,0.9847734,1.0025523,1.0032554,0.9999571,0.9992908,1.0000806
1.0,-0.010299969,0.0039621703,0.01536167,0.0032590926,-0.001280982,-0.012109149,-0.008661889,-0.00707997,-0.00796725,-0.0066826157,0.007811494,-0.0029594675,0.996932,0.9969175,0.9952405,0.99638253,0.9916881,0.98882455,0.98979944,0.9973641,0.9994727,0.9977138,0.99600095,0.9942865
1.0,-0.010216504,0.004085332,0.01532485,0.0026650801,-0.0020649508,-0.012434807,-0.00791347,-0.0064527653,-0.008265877,-0.006783081,0.007981412,-0.0035258569,0.9969146,0.99770784,0.9950355,0.99620086,0.9919052,0.9898414,0.9891523,0.9976853,1.000041,0.99702126,0.9963767,0.99447006
1.0,-0.002352666,0.0015127212,0.0075240433,0.0052714497,-0.0004739836,-0.005146008,-0.0003397204,-0.0008413568,-0.0033843294,-0.004109416,-0.0008925721,-0.0050964765,0.99567705,0.99790835,0.9970936,0.9989571,0.99535805,0.9855484,0.9879794,0.99300575,0.99341244,0.99753404,0.9871327,0.99451816
1.0,-0.009406161,0.004451461,0.01589996,0.0025886819,-0.0014272481,-0.012630086,-0.008224845,-0.006939657,-0.008812386,-0.0066196527,0.008012906,-0.0028097332,0.99725354,0.99737126,0.99435985,0.99559593,0.9918551,0.9911925,0.9891471,0.9983306,1.0009365,0.9976922,0.99732864,0.9946965
1.0,-0.010427799,0.0038067997,0.014471494,0.0020185784,-0.0036573224,-0.012421701,-0.006436374,-0.0048909895,-0.008354832,-0.0069717653,0.007889904,-0.0048888586,0.99667346,0.99899125,0.99527454,0.99649405,0.99241316,0.9901473,0.988297,0.99747986,0.9999751,0.99565345,0.99586904,0.99442023
1.0,-0.005709503,0.00558972,0.015440416,0.00083759427,-0.002514653,-0.013856504,-0.0055147335,-0.005128134,-0.009720748,-0.0056461003,0.0066835135,-0.003730256,0.9970652,0.9994771,0.99259394,0.9942826,0.9931456,0.99575233,0.9864235,1.0003173,1.0028821,0.99649894,0.9989491,0.9971059
1.0,-0.0057281964,0.005254604,0.016221996,0.001957506,-0.0007077567,-0.013292983,-0.007105734,-0.0068022124,-0.00910034,-0.005479453,0.0068172663,-0.002310697,0.99719876,0.99793303,0.9924697,0.9945095,0.99256545,0.994357,0.9874723,1.0002403,1.0024732,0.99809104,0.99883664,0.99685156
1.0,-0.007489655,0.004602462,0.017292064,0.0038523898,0.0016319938,-0.012445755,-0.01008779,-0.009321164,-0.008130007,-0.0057273638,0.0075976923,-0.00046382844,0.99735624,0.9954257,0.9931194,0.99530107,0.9913735,0.9908499,0.98982656,0.9993535,1.0011665,1.000129,0.99816847,0.99565166
1.0,-0.006405875,0.005025115,0.016544584,0.0024397448,-0.0001244545,-0.013040431,-0.007905498,-0.007511601,-0.0088032605,-0.005621327,0.007142037,-0.0018679537,0.9972609,0.9972765,0.9927166,0.99473614,0.9921967,0.99342215,0.9881298,0.9999572,1.002129,0.9986043,0.99863255,0.9963959
1.0,-0.009454578,0.0035283864,0.013971113,0.004980184,0.0012530796,-0.010017548,-0.009703884,-0.008131474,-0.0065756384,-0.006091984,0.0058009475,-0.0016040057,0.99704283,0.9944642,0.9965678,0.9968906,0.991498,0.98581624,0.9915935,0.99555475,0.9966727,1.0000377,0.99348646,0.99353755
1.0,-0.0020862818,0.002440516,0.007748779,0.0062353313,0.0020274073,-0.0049873777,-0.003192041,-0.0031718165,-0.003245051,-0.0038069598,-0.0017749667,-0.0029804856,0.996235,0.9954085,0.9979172,0.9982527,0.99462706,0.9843547,0.98998255,0.9922865,0.9923149,0.9998659,0.9871283,0.99428
1.0,0.008986078,0.0019772127,0.0020043626,0.008678682,0.0060177855,0.001361467,0.0039961636,0.0015128553,0.0013273228,-0.0003358964,-0.011527836,-0.0024015643,0.99578375,0.9955255,0.998141,0.99920565,0.99855536,0.98404044,0.98854434,0.9889669,0.9883031,1.0010633,0.98100775,0.99574614
1.0,0.00013995916,0.0019415952,0.00631389,0.00613638,0.0016345643,-0.0035830066,-0.0002900958,-0.001162447,-0.0023892978,-0.0033521466,-0.0034338236,-0.0038650967,0.99598014,0.9965084,0.9977231,0.9986104,0.99570924,0.98505175,0.98870814,0.99185014,0.9920048,0.9992059,0.98582023,0.9945724
1.0,-0.010363843,0.0032981,0.014127091,0.0034200922,-0.0021189637,-0.011594988,-0.007536281,-0.005769275,-0.0072451746,-0.0065066162,0.007169865,-0.004106194,0.9963829,0.9976187,0.99582154,0.9972871,0.99219424,0.98737067,0.9894414,0.9966779,0.9982185,0.99673504,0.9944678,0.9942812
1.0,0.00022762269,0.00044414774,0.005885415,0.0052440166,-0.0012414344,-0.003430646,0.0039227307,0.0021150187,-0.0021900209,-0.0035171956,-0.0025572255,-0.0066235624,0.9950683,0.9997747,0.99640596,0.99987483,0.9968125,0.9862695,0.9860075,0.9928238,0.9931633,0.996178,0.9854195,0.99499756
1.0,-0.010087665,0.004164893,0.015718069,0.0030508265,-0.0012882017,-0.012438383,-0.008647889,-0.0071726255,-0.00817567,-0.006657595,0.008004606,-0.0028777383,0.9969826,0.9970859,0.9948877,0.99613804,0.9916815,0.98953366,0.98957044,0.9977915,1.0000093,0.99765855,0.9965705,0.9945338
1.0,-0.0041598566,0.0015827641,0.0085244365,0.004320398,-0.0018217377,-0.006243672,-0.0007262938,-0.0010065734,-0.0042464565,-0.0048876572,0.0009802431,-0.0057501495,0.9957576,0.9986348,0.9968845,0.99874157,0.99488986,0.9864441,0.9875678,0.99378353,0.9946152,0.9966843,0.9884542,0.99432254
1.0,-0.010125492,0.0032492913,0.013382986,0.0022426397,-0.0038027465,-0.011345029,-0.0055301785,-0.0041624866,-0.0077367825,-0.006903881,0.0070978403,-0.005347818,0.9965306,0.9990134,0.99585474,0.99700165,0.99270916,0.9892466,0.98822707,0.9966634,0.9989473,0.99563456,0.9944535,0.9940502
2.0,-0.0069840923,0.0009323135,0.009534027,0.0018599704,-0.006456662,-0.008357316,0.0015001558,0.0015297569,-0.006048632,-0.00619122,0.0043757856,-0.0088852905,0.9954275,1.002383,0.99566585,0.99896413,0.9951586,0.9892985,0.9849764,0.9957624,0.99743426,0.9928809,0.99052453,0.99435306
2.0,-0.009229414,0.004575733,0.016003627,0.0024510026,-0.0016667433,-0.013060652,-0.008067023,-0.006803397,-0.008736283,-0.0065196007,0.00801485,-0.0030060634,0.99706626,0.99774283,0.99413186,0.995584,0.9919617,0.99131525,0.9887916,0.998616,1.0011221,0.9972834,0.99757296,0.99514955
2.0,-0.00983521,0.0036405697,0.014648553,0.0045503452,0.00088616833,-0.010503385,-0.00979856,-0.008232176,-0.007249713,-0.006373232,0.0066111013,-0.0015692078,0.9973008,0.99473506,0.9960777,0.9964869,0.9913689,0.9870348,0.99135536,0.9961427,0.99775285,0.99991536,0.9944866,0.99344295
2.0,-0.007494889,0.0050733685,0.01598816,0.0017343014,-0.0018078387,-0.013435252,-0.0070238076,-0.006289996,-0.009194039,-0.006106654,0.0074863583,-0.0031136163,0.9971473,0.9984091,0.9932633,0.99486786,0.99242884,0.99361986,0.98772156,0.9995591,1.0021591,0.99713933,0.9984335,0.9960552
2.0,-0.010145176,0.0026671179,0.012512848,0.0010452867,-0.006433986,-0.011680387,-0.0027060285,-0.0014032386,-0.007846615,-0.007034788,0.0073580444,-0.007763136,0.995959,1.0016308,0.9954987,0.9975776,0.9936371,0.9903404,0.9862326,0.9971865,0.9994057,0.9930347,0.99420017,0.99448967
2.0,-0.010103427,0.0042158924,0.015192639,0.0019225329,-0.003401436,-0.013312291,-0.0069063976,-0.0053052492,-0.008612169,-0.006771654,0.008178249,-0.004568707,0.9966392,0.99906707,0.9946077,0.9961193,0.9923716,0.99086934,0.9881223,0.99828124,1.0007113,0.99561673,0.99690115,0.9950611
2.0,-0.0084549785,0.0015935376,0.010790497,0.0017002001,-0.006219309,-0.0096773915,-0.00050446764,8.005276e-05,-0.0065475283,-0.006497234,0.0056215823,-0.008375436,0.99556464,1.0018514,0.99575496,0.9985438,0.9944359,0.9892122,0.98567694,0.99626833,0.9979428,0.9930522,0.9918746,0.9944004
2.0,-0.00855276,0.0025481358,0.011521939,0.0025736243,-0.0037796982,-0.009496547,-0.0036503673,-0.0027909167,-0.0068702213,-0.0065475553,0.0052777603,-0.0058158264,0.9964123,0.9991043,0.9963989,0.99750125,0.9934286,0.9886089,0.98785925,0.9955317,0.99763286,0.99584085,0.99236274,0.99376637
2.0,-0.010377575,0.003795579,0.01452557,0.0023741499,-0.0030056685,-0.012118004,-0.006976284,-0.0054327324,-0.008313576,-0.006946968,0.0077296123,-0.0043223687,0.99684894,0.9983052,0.99538267,0.9964156,0.99224204,0.98981565,0.9887903,0.99724543,0.9997741,0.996359,0.99573344,0.9941736
2.0,-0.004435826,0.00629225,0.013788849,-0.0012095124,-0.005394239,-0.015102211,-0.0023805425,-0.001966752,-0.010550162,-0.005413091,0.0057825223,-0.006229434,0.99658424,1.0022718,0.9923125,0.9936855,0.99450296,0.9985771,0.9840415,1.000977,1.0035005,0.9937998,0.9992055,0.9984237
2.0,-0.00850521,0.002913259,0.012077145,0.003580168,-0.001696866,-0.00930988,-0.005699463,-0.004710287,-0.006520588,-0.0062595922,0.0050027817,-0.004203122,0.9966518,0.99724424,0.99669373,0.9972989,0.99279314,0.9873763,0.98930395,0.99524814,0.99689746,0.99759376,0.9923441,0.9936668
2.0,-0.0059774853,0.0017961971,0.009634003,0.0034583807,-0.002938155,-0.007465601,-0.0014248118,-0.0013934672,-0.005133557,-0.0055994764,0.0028162822,-0.006194085,0.995876,0.999188,0.9966924,0.9984461,0.9943754,0.98728967,0.9873498,0.99456334,0.99578947,0.99597764,0.9898813,0.994163
2.0,-0.010054719,0.0036562756,0.014753092,0.004677452,0.0007097572,-0.010870982,-0.009993458,-0.008248027,-0.0069982735,-0.0063093193,0.006713152,-0.0017555952,0.99697566,0.9949329,0.9960904,0.9968175,0.9913595,0.9863037,0.9913282,0.99619216,0.99754673,0.9994841,0.99445504,0.99376154
2.0,-0.000115416944,0.0029335618,0.0067593716,0.007648073,0.0045914464,-0.0039752163,-0.0041320994,-0.003933627,-0.0021946914,-0.002758298,-0.004225105,-0.00152703,0.99631125,0.99360967,0.99858487,0.9982484,0.994887,0.98274434,0.9912986,0.99121445,0.9903942,1.0014812,0.9857949,0.9945351
2.0,-0.006897077,0.004705172,0.017240237,0.0036405846,0.0015062876,-0.012564927,-0.009695232,-0.009078756,-0.008229752,-0.0055798646,0.007395141,-0.00055124983,0.9973378,0.995705,0.9928203,0.99513495,0.99156606,0.99146754,0.989416,0.9996461,1.0014683,1.0000076,0.9983832,0.9959987
2.0,-0.007998239,0.002540663,0.011442702,0.0038497448,-0.0019274242,-0.009036917,-0.004866764,-0.0039135516,-0.005915261,-0.005907275,0.004394762,-0.0047796555,0.9961938,0.9977106,0.9967304,0.9979261,0.99322504,0.98655635,0.9889411,0.99505657,0.99623734,0.99698174,0.9915091,0.993999
2.0,-0.0010357648,0.005675271,0.0155390315,0.0014469028,0.00022632256,-0.013007913,-0.0054386966,-0.0062559657,-0.009116391,-0.00395575,0.0046574995,-0.0018902235,0.9970747,0.9982081,0.9907888,0.9935954,0.99361664,0.99713224,0.98562795,1.0018128,1.0031068,0.9990715,0.9992821,0.9991115
2.0,-0.010009505,0.0032670274,0.013563637,0.003027141,-0.0025467873,-0.0110484585,-0.006625913,-0.0051808283,-0.0073371064,-0.0066578686,0.006795563,-0.0044408776,0.99655986,0.99790883,0.99603987,0.997111,0.99240106,0.9880959,0.9890838,0.9963756,0.9982792,0.996654,0.9941357,0.99400085
2.0,-0.0073766746,0.005622957,0.013620473,-0.0013955683,-0.0071437284,-0.015253454,-0.0023172162,-0.0011168383,-0.0105823185,-0.0064411163,0.007113859,-0.007516168,0.9964845,1.0030806,0.99330455,0.9945057,0.9942886,0.99717546,0.9843841,1.0000894,1.0031589,0.99224204,0.9986291,0.9970414
2.0,-0.006861381,0.005796306,0.013300929,-0.0018048733,-0.007573299,-0.015549526,-0.0016538016,-0.00050371885,-0.010686678,-0.0062704682,0.006833166,-0.007970329,0.99635684,1.0036271,0.99312025,0.99432534,0.99460304,0.99787503,0.983824,1.0003777,1.0032934,0.99178433,0.9987379,0.9974757
2.0,-0.006774597,0.0021751858,0.010317739,0.0038151592,-0.0022578612,-0.008079279,-0.0032614805,-0.0026818663,-0.00556837,-0.0056740046,0.0032828003,-0.005265411,0.9961216,0.99820775,0.99679786,0.99811465,0.9938478,0.98681116,0.9883477,0.9945827,0.9958388,0.99676776,0.99048483,0.9939866
2.0,-0.009954721,0.004352033,0.015049364,0.0015875921,-0.0037172511,-0.0132178925,-0.0065108873,-0.0050142817,-0.0089810155,-0.0069043804,0.008123137,-0.0046867244,0.99683166,0.99926627,0.9946035,0.99587166,0.9924616,0.99165803,0.98793167,0.99826473,1.0010536,0.995543,0.9970566,0.9949134
3.0,-0.0050687455,0.005230535,0.01640338,0.002243407,8.318573e-06,-0.013075639,-0.007391073,-0.0072507896,-0.008956454,-0.0052156765,0.0065781176,-0.0017821379,0.9972428,0.9974788,0.99217284,0.99444807,0.99252397,0.9943471,0.9875703,1.0004568,1.0024778,0.99874073,0.9989161,0.9970752
3.0,-0.0015806928,0.0023915917,0.0075606033,0.007541634,0.0034746826,-0.0049873367,-0.0038299114,-0.0035314523,-0.0022136085,-0.002905704,-0.002670534,-0.0026229843,0.99561614,0.99471706,0.99802506,0.9991731,0.99484897,0.98213047,0.99072355,0.9920881,0.99086946,0.99990296,0.98623186,0.9948833
3.0,-0.004058417,0.0017199628,0.008557055,0.004918851,-0.00095682964,-0.0062624067,-0.001616694,-0.0016533136,-0.0040634554,-0.0045915395,0.00061424077,-0.005112201,0.99575496,0.99787456,0.9970357,0.9987775,0.99477416,0.985613,0.98826057,0.9935645,0.9940801,0.99729437,0.9882447,0.99437433
3.0,0.0020953268,0.0014516413,0.0051859096,0.0067908242,0.0019902512,-0.0025280342,0.0016087852,0.0002421774,-0.0014295112,-0.002535589,-0.005108364,-0.0041805096,0.99554867,0.9970345,0.9974314,0.99928045,0.9966716,0.9846396,0.9881531,0.9914181,0.9912395,0.99884665,0.98441714,0.9950284
3.0,-0.002352994,0.0058093593,0.015337262,0.00096260756,-0.00094386935,-0.01341904,-0.0050668754,-0.0055665523,-0.009502014,-0.0044743344,0.005192898,-0.002744414,0.9970753,0.9989231,0.9913434,0.99365115,0.99361074,0.9972717,0.9856275,1.0014186,1.0031956,0.99798137,0.99927986,0.99857336
3.0,0.0050104856,0.0016332194,0.0038011074,0.0077687055,0.0038179196,-0.00090041757,0.0025436766,0.000725694,-0.00019101799,-0.001507137,-0.007894903,-0.0033769459,0.9955663,0.99630255,0.9977268,0.99935794,0.9974722,0.98410916,0.98842865,0.9903581,0.9898369,0.9998199,0.9828398,0.9953761
3.0,0.014597468,0.003027998,-0.00026832893,0.01067432,0.010135654,0.004073754,0.002956804,0.0012659468,0.0027861372,0.0016104933,-0.017231926,0.0010248348,0.99661875,0.99287045,0.9990432,0.9984998,0.9996378,0.98318696,0.9904205,0.98641014,0.98539186,1.0045755,0.9784618,0.99597347
3.0,-0.0050694123,0.0053396337,0.016174417,0.0018567145,-0.00058203563,-0.013317127,-0.0068554804,-0.0067464076,-0.009040626,-0.0052620657,0.006546147,-0.002272889,0.9971478,0.99802434,0.99221677,0.994371,0.99269927,0.99478245,0.9871715,1.0005094,1.0025866,0.9981804,0.99894005,0.9972222
3.0,-0.005648583,0.0024491884,0.0098706,0.005177647,9.409338e-05,-0.0073010176,-0.004650265,-0.0039479584,-0.0047247875,-0.0049422625,0.001721412,-0.0037498996,0.9961991,0.9962996,0.99734056,0.9981421,0.993707,0.98505425,0.9897648,0.9937404,0.994275,0.9985351,0.98948276,0.9940387
3.0,-0.007273879,0.00520055,0.015664596,0.0013585091,-0.0023408905,-0.013425332,-0.006454628,-0.005662456,-0.009760404,-0.0061650854,0.0073427707,-0.003436394,0.997306,0.9987892,0.9932178,0.99466884,0.99268204,0.9944703,0.98745245,0.99957246,1.0024959,0.9968389,0.9985649,0.9959657
3.0,0.02629432,0.0040997416,-0.004925195,0.013769805,0.016838279,0.010462105,0.008518331,0.0051307697,0.007955989,0.006246358,-0.028151035,0.0029214658,0.9968032,0.9921598,0.99944466,0.999266,1.004462,0.98249465,0.99022454,0.982603,0.9811382,1.0058837,0.9732992,0.99806666
3.0,-0.008211691,0.0026950277,0.011647683,0.003615342,-0.0020353347,-0.009143632,-0.0050749406,-0.004099611,-0.006295086,-0.0061229635,0.0046653375,-0.0046154037,0.9964331,0.9976372,0.99670327,0.9976014,0.9930816,0.9871128,0.98900056,0.995121,0.99663675,0.99716437,0.99189585,0.9938058
3.0,0.0073249415,0.0021882802,0.0027585626,0.008675858,0.0058695935,0.0003059581,0.002260182,0.00045104325,0.00065395795,-0.0006376654,-0.010378391,-0.0021084957,0.9958582,0.9950179,0.99829197,0.9990536,0.997916,0.98353416,0.989262,0.98928005,0.9884623,1.0012447,0.9817363,0.99555343
3.0,-0.009714525,0.0028860345,0.01299968,0.0033490658,-0.0026337989,-0.010721143,-0.006144304,-0.004621934,-0.0068849027,-0.0063847397,0.006311856,-0.00479215,0.99624485,0.9981083,0.9961606,0.9976391,0.99269015,0.9872083,0.98897815,0.9961089,0.99758106,0.9963592,0.9933232,0.99414086
3.0,0.003162913,0.0050291605,0.015534487,0.0022891685,0.0031904355,-0.011390414,-0.0056231283,-0.0076376423,-0.008224861,-0.002384076,0.0028641298,-2.8692186e-05,0.99719816,0.9965372,0.9891843,0.9932962,0.99393743,0.9979234,0.9851011,1.0030909,1.0029376,1.0021594,0.9991004,1.0004256
3.0,-0.008840654,0.0029242262,0.012392353,0.0039314106,-0.0013875738,-0.009697445,-0.0063633323,-0.0051389895,-0.00631296,-0.0061186105,0.005190037,-0.004049577,0.9964304,0.9970146,0.9966565,0.99755484,0.99265605,0.9865599,0.9895989,0.995365,0.99666125,0.9975515,0.9924263,0.9938827
4.0,-0.0088936575,0.0028967224,0.0123847835,0.0038606524,-0.001582548,-0.009763479,-0.0062687024,-0.0049993508,-0.006410136,-0.0061512105,0.0052595437,-0.004150901,0.9964248,0.99715996,0.99660635,0.9975597,0.992696,0.9866629,0.98951316,0.99540347,0.99676085,0.997414,0.9924754,0.993882
4.0,0.0032463148,0.0015612356,0.0046561994,0.007197827,0.0027912706,-0.0018770993,0.0018342845,0.00032118335,-0.00095674396,-0.0021402426,-0.0062238052,-0.0037642047,0.99558735,0.99663895,0.99759126,0.9992759,0.99693143,0.98438835,0.9883452,0.99096835,0.9906439,0.99934304,0.9838004,0.99514633
4.0,0.0013500601,0.0015656203,0.005594678,0.006567821,0.0017638169,-0.002948217,0.0010014884,-0.00017245859,-0.0017695259,-0.0028149486,-0.0044587925,-0.004152797,0.9956435,0.9969472,0.99748874,0.9991271,0.99635565,0.9847268,0.98829544,0.9916103,0.9915195,0.9988518,0.98489666,0.99489886
4.0,-0.009904772,0.0033622757,0.013820358,0.0038287863,-0.0011315793,-0.010792088,-0.007914208,-0.006368015,-0.0069838297,-0.0064274017,0.006510012,-0.0033872463,0.99665076,0.996637,0.99621737,0.99712485,0.99203104,0.98701096,0.9900492,0.99610984,0.9976508,0.99782956,0.99392694,0.9939158
4.0,-0.0011814013,0.00199648,0.0070453696,0.005870551,0.001157809,-0.004392389,-0.0010984614,-0.001664564,-0.0028907834,-0.0037198197,-0.0022622421,-0.0039818212,0.99598587,0.9965767,0.99764687,0.9985625,0.9952951,0.9850538,0.9888455,0.99228364,0.99250215,0.9989372,0.9865758,0.9944578
4.0,-0.0056114458,0.0019474812,0.009513151,0.004090376,-0.0019714907,-0.007236343,-0.002328582,-0.0020649917,-0.0050350586,-0.0053277947,0.002216287,-0.005331956,0.9960143,0.998244,0.9968918,0.99834025,0.994258,0.98658645,0.98814136,0.9941571,0.9952379,0.99690735,0.9895627,0.99408275
4.0,-0.008470297,0.002763968,0.011938103,0.0038451776,-0.0017125532,-0.009386126,-0.0056932196,-0.0045496225,-0.006275112,-0.006070135,0.0048385933,-0.0043418556,0.9963967,0.997331,0.99668694,0.9976452,0.99291295,0.98669845,0.98931843,0.9951926,0.99655235,0.9973413,0.9920504,0.9938631
4.0,0.003152512,0.0009704456,0.0045647286,0.0065461546,0.0013601556,-0.0017927252,0.0036219284,0.0016255379,-0.0010723267,-0.0024482068,-0.0056273267,-0.004918739,0.9953595,0.99803936,0.99705106,0.99956626,0.99727124,0.9853522,0.98711747,0.9913962,0.9914509,0.9981885,0.9838614,0.9951572
4.0,0.007034607,0.0057921074,0.013448898,0.000615716,0.0017540269,-0.011509415,-0.0024131984,-0.0049974285,-0.0093311835,-0.0012155492,0.0005371794,-0.0014856234,0.9969295,0.9982766,0.98834026,0.99235463,0.995655,1.0013583,0.98254865,1.0040611,1.0032865,1.0012835,0.9990605,1.0025293
4.0,0.0047840327,0.0055702515,0.014396474,0.0011634305,0.0019416995,-0.011745371,-0.0037022159,-0.005971983,-0.008897238,-0.0019508116,0.001816988,-0.0011383034,0.9970183,0.997843,0.9889112,0.99274915,0.9948478,0.9999162,0.9836539,1.0035071,1.0032225,1.0011815,0.9991403,1.0014639
4.0,-0.0087425,0.0026072636,0.011933271,0.003352873,-0.0027249008,-0.009710167,-0.00489245,-0.0037733093,-0.006456349,-0.006223621,0.005258523,-0.005142357,0.9962275,0.9982766,0.9964641,0.99778193,0.99313205,0.9872423,0.9886261,0.99551797,0.9970075,0.9963873,0.9922676,0.9939946
4.0,0.008002192,0.0053362288,0.013698574,0.0010716841,0.002917312,-0.010916468,-0.002820786,-0.005859133,-0.008623726,-0.0007983837,0.0002297312,-0.0007165,0.9969245,0.99757296,0.98789835,0.9924099,0.9955385,1.0011138,0.9825367,1.0044235,1.0030653,1.0024549,0.9988715,1.0028052
4.0,-0.007665843,0.0050231405,0.016113054,0.0019060671,-0.0016798414,-0.013512388,-0.0072821304,-0.0064865015,-0.008931096,-0.006083701,0.0075808465,-0.0030527003,0.99701375,0.99832416,0.9933088,0.9950274,0.99233186,0.9930859,0.98783576,0.99954134,1.0019531,0.99713826,0.9983522,0.99614537
4.0,-0.004018832,0.0019702315,0.0086922385,0.005339019,-9.296462e-05,-0.0062530525,-0.0026092827,-0.002449233,-0.003959601,-0.0044468734,0.0003735423,-0.0044092536,0.9958589,0.99705446,0.99726325,0.9986729,0.99452186,0.9850069,0.98895377,0.99335706,0.99366003,0.99801177,0.9882068,0.99435174
4.0,-0.008900106,0.0028325208,0.012272373,0.0035234913,-0.0021644607,-0.00978661,-0.0057005063,-0.0045011565,-0.0065803286,-0.006269414,0.0053766966,-0.004553076,0.99642086,0.99767023,0.9965239,0.9975411,0.9928397,0.98716295,0.98911226,0.9954955,0.99704367,0.9969919,0.99254453,0.99387395
4.0,0.024544477,0.004214082,0.0081071295,-0.0011153445,0.0053594373,-0.0070103705,0.0037783794,-0.0029010996,-0.00801536,0.0053889547,-0.008549482,-0.0008722469,0.99587023,0.99800414,0.9834423,0.99051625,1.0002542,1.0082303,0.9751014,1.0090016,1.0010772,1.0073487,0.99647915,1.0105261
4.0,7.272512e-05,0.0017903447,0.0063241906,0.006348267,0.001591254,-0.0037080497,-0.00021648407,-0.0010102205,-0.0022870488,-0.0031954441,-0.003415659,-0.0039863884,0.99577683,0.99665457,0.9975934,0.9989081,0.99581206,0.9846583,0.98869294,0.99191934,0.9918754,0.9989411,0.9856762,0.9947174
4.0,-0.009159587,0.0030994788,0.012855023,0.003987357,-0.0010827743,-0.009959988,-0.0070356354,-0.0057195537,-0.0064795585,-0.0062031467,0.005546309,-0.0036751553,0.9965458,0.99667776,0.99659055,0.9973834,0.9923886,0.98659235,0.9898964,0.9955293,0.99686676,0.9978574,0.9928538,0.993843
4.0,0.0010422543,0.0015601888,0.0057644397,0.006545499,0.0016700961,-0.003141109,0.0007852316,-0.00029357895,-0.0018844027,-0.0028801728,-0.004192628,-0.004159622,0.9956304,0.99695224,0.99746186,0.99914795,0.99625725,0.98466206,0.9883518,0.991709,0.991599,0.9987962,0.985042,0.99488306
4.0,0.006217003,0.0021198802,0.0032945015,0.00840731,0.005308371,-0.00030543655,0.0017825738,0.0001483038,0.0002328679,-0.000993995,-0.009348638,-0.0023304932,0.99582154,0.9951774,0.9982065,0.999071,0.9975639,0.9835532,0.9892588,0.98966223,0.9888845,1.0009604,0.9822743,0.9954361
4.0,-0.0019240826,0.0015054904,0.0073001236,0.0054107755,-0.00022489578,-0.004876524,-0.0001357235,-0.0007483773,-0.003163035,-0.003964659,-0.0012922958,-0.005028192,0.99565345,0.99782145,0.9971417,0.9990026,0.9954734,0.98544073,0.9879827,0.9928573,0.99318486,0.9976525,0.98686177,0.99457383
4.0,-0.005699303,0.005357921,0.015993524,0.001640439,-0.0012337454,-0.013460681,-0.006649606,-0.0063111,-0.009302678,-0.005521858,0.00676547,-0.0027111918,0.9971645,0.99837834,0.99249274,0.99443877,0.99274254,0.9947646,0.9871697,1.0002649,1.0026059,0.9976325,0.9988796,0.9969352
4.0,0.01704406,0.0012264699,-0.0014814697,0.010493636,0.008535001,0.005878024,0.010274179,0.0056676306,0.0047086757,0.002268402,-0.018013127,-0.0021430664,0.99525243,0.99662507,0.99720436,1.0002856,1.0018083,0.9844579,0.9869363,0.9869469,0.9864614,1.0012456,0.9769833,0.9969352
5.0,-0.0010674521,0.0017885417,0.006942086,0.005982727,0.0009835549,-0.0043780804,-0.0006725192,-0.0012808442,-0.0027332706,-0.0035798773,-0.0023236573,-0.004251927,0.9957736,0.9969001,0.997489,0.99887234,0.9954854,0.9848427,0.9886283,0.9923484,0.9924195,0.9985613,0.9863589,0.99461484
5.0,-0.0041764155,0.0020440333,0.008790519,0.005185887,-0.00018976256,-0.006321799,-0.0026984178,-0.00254656,-0.004091846,-0.0045735184,0.0005379915,-0.0044023916,0.99594754,0.9970469,0.9972895,0.99852985,0.99443877,0.9852378,0.98894405,0.9933965,0.9938328,0.9980475,0.98839426,0.9942719
5.0,-0.006468136,0.005205285,0.016140137,0.0018463284,-0.001187209,-0.013392322,-0.0070630386,-0.006579049,-0.009146101,-0.0057391524,0.007108398,-0.0026598386,0.9971677,0.9981638,0.9927941,0.99465024,0.99250937,0.99407446,0.9875614,0.99997425,1.0023601,0.9976588,0.998697,0.9965465
5.0,0.00025315583,0.005678378,0.015248302,0.001325272,0.00057291985,-0.012696836,-0.0049797446,-0.006130703,-0.009230962,-0.0035441127,0.0040164143,-0.0017509684,0.9971498,0.99813074,0.99037236,0.99333495,0.9939122,0.99801815,0.9852031,1.002176,1.0032496,0.99954075,0.99931335,0.9995107
5.0,-0.0072592646,0.005124461,0.016023587,0.0017594621,-0.001706183,-0.013462875,-0.0070319027,-0.006320175,-0.009203909,-0.0060145035,0.007402979,-0.0030287057,0.9971338,0.99839145,0.9931487,0.99483407,0.99245864,0.9936899,0.987678,0.99966156,1.0022044,0.9972082,0.99850816,0.996207
5.0,-0.009358551,0.004601352,0.015688743,0.0019618198,-0.002540946,-0.013242938,-0.0073053986,-0.0060423575,-0.008857487,-0.0066334046,0.008065835,-0.0037318468,0.99695045,0.9985121,0.9942256,0.99561065,0.9921885,0.9917637,0.988279,0.9986367,1.0012428,0.99649215,0.99753094,0.99522376
5.0,0.005115919,0.0016250424,0.0037472732,0.0077826083,0.0038404688,-0.0008385405,0.0026222467,0.0007787049,-0.00015793182,-0.0014808346,-0.007981166,-0.0033720508,0.99556726,0.9963128,0.997722,0.9993595,0.99750996,0.9841288,0.98840684,0.99032784,0.9898148,0.99983287,0.98278755,0.9953842
5.0,-0.004890334,0.0020667613,0.0092007555,0.0048241764,-0.00072240457,-0.006775208,-0.0028427467,-0.002605848,-0.0044419616,-0.004870292,0.0012825653,-0.0046524145,0.9959791,0.9973434,0.997176,0.9984373,0.994269,0.98561406,0.9887801,0.9937141,0.9943425,0.9977062,0.98893404,0.99419665
5.0,-0.0077374354,0.005000934,0.016085144,0.0019188076,-0.0016241744,-0.013340045,-0.007305976,-0.006513782,-0.009092045,-0.0061450284,0.0075920746,-0.0029703714,0.99715054,0.9981954,0.99337167,0.9949813,0.9923033,0.993209,0.9879653,0.9994381,1.0019925,0.9972977,0.9983312,0.99591994
5.0,0.010807902,0.0017883144,0.0011503361,0.00939846,0.0067631416,0.0022773072,0.0052258,0.0024197213,0.002144415,0.00046895072,-0.013160676,-0.0022418909,0.99555045,0.9956557,0.9979112,0.9996119,0.99936604,0.983711,0.98839,0.98846954,0.98762196,1.0011059,0.9799045,0.996116
1.0,-0.010467593,0.003525108,0.013720494,0.0014338419,-0.0050487258,-0.012357522,-0.0050388537,-0.0034379885,-0.008554884,-0.007119406,0.0077863038,-0.0060411133,0.99652463,1.0001321,0.9953509,0.9966992,0.99291176,0.9906482,0.9874908,0.9973735,1.0000551,0.9945157,0.99548674,0.99435747
1.0,-0.009235736,0.003090594,0.012879845,0.003966257,-0.0011710748,-0.010049999,-0.007047355,-0.0056848563,-0.006526849,-0.006219335,0.005608268,-0.0037221983,0.99653226,0.99673194,0.9965565,0.9973859,0.9924014,0.98660916,0.98987174,0.9955643,0.99692774,0.99777514,0.99291176,0.99384886
1.0,-0.0021571554,0.0057545975,0.015322056,0.0007562712,-0.0011356473,-0.013819452,-0.0048193038,-0.0055289194,-0.008801262,-0.004410047,0.005141653,-0.0029903166,0.99670815,0.9992939,0.99124783,0.99363637,0.99366564,0.9972159,0.9851274,1.0016603,1.0030546,0.9976312,0.9991695,0.99906206
1.0,0.002090022,0.0060821734,0.0143563375,0.00038777292,-0.00017390028,-0.012996137,-0.0033022054,-0.004917357,-0.009357806,-0.0029779542,0.0029836446,-0.0025582984,0.99685645,0.99920624,0.989949,0.992839,0.9946793,0.9997448,0.9837707,1.0027742,1.0033956,0.99892265,0.99930966,1.0007323
1.0,-0.0023895837,0.0052873567,0.016028296,0.0021356717,0.00087251887,-0.012546092,-0.0066642314,-0.007109452,-0.009269705,-0.0043815877,0.0053391233,-0.0012638457,0.9974584,0.99720937,0.99115515,0.9938875,0.99308914,0.99611384,0.98681796,1.0012773,1.0029837,0.999771,0.9992098,0.9979125
1.0,-0.008117199,0.0016463473,0.010496352,0.0014098659,-0.006411683,-0.009302169,-2.2564083e-05,0.00033557415,-0.0066031925,-0.0066474658,0.0053751618,-0.008462984,0.9957164,1.0019462,0.9958795,0.9983495,0.99451095,0.9897561,0.9854678,0.99606913,0.99806714,0.9931311,0.9917751,0.9942255
1.0,-0.010007471,0.0034770928,0.013941787,0.0032004043,-0.0018271767,-0.010983601,-0.0073471703,-0.00595288,-0.0074931206,-0.006694598,0.0068843067,-0.0037376583,0.99684536,0.99721664,0.9960144,0.9967787,0.9921099,0.9882779,0.98955667,0.99640083,0.9984293,0.9974406,0.9944573,0.99382
1.0,-0.009671666,0.0044619516,0.015569922,0.0020746365,-0.0025571883,-0.013044182,-0.0073909797,-0.006056603,-0.008784886,-0.0067301616,0.008096494,-0.0037579387,0.99696654,0.9983844,0.9944572,0.9957509,0.99212986,0.991358,0.9884734,0.99836975,1.000993,0.9965414,0.99725115,0.9949624
1.0,-0.010366008,0.0035373606,0.014314357,0.0029534027,-0.0024155043,-0.011711195,-0.007304687,-0.0057275705,-0.00764265,-0.006728083,0.0074035227,-0.004141573,0.99661505,0.99784005,0.99570453,0.99688596,0.99215466,0.9884336,0.98919255,0.99686986,0.9988524,0.99668324,0.9949795,0.9941881
1.0,-0.0004343763,0.0016728863,0.0065379366,0.006012827,0.00096075237,-0.0039855875,1.6912818e-06,-0.0008020997,-0.0025376882,-0.0034372918,-0.002831228,-0.0043764226,0.99574435,0.9970901,0.99744105,0.9989204,0.99576753,0.98501617,0.9883779,0.99218506,0.9923124,0.9985115,0.9859931,0.9946612
2.0,-0.004435826,0.00629225,0.013788849,-0.0012095124,-0.005394239,-0.015102211,-0.0023805425,-0.001966752,-0.010550162,-0.005413091,0.0057825223,-0.006229434,0.99658424,1.0022718,0.9923125,0.9936855,0.99450296,0.9985771,0.9840415,1.000977,1.0035005,0.9937998,0.9992055,0.9984237
2.0,-0.0010357648,0.005675271,0.0155390315,0.0014469028,0.00022632256,-0.013007913,-0.0054386966,-0.0062559657,-0.009116391,-0.00395575,0.0046574995,-0.0018902235,0.9970747,0.9982081,0.9907888,0.9935954,0.99361664,0.99713224,0.98562795,1.0018128,1.0031068,0.9990715,0.9992821,0.9991115
2.0,-0.00855276,0.0025481358,0.011521939,0.0025736243,-0.0037796982,-0.009496547,-0.0036503673,-0.0027909167,-0.0068702213,-0.0065475553,0.0052777603,-0.0058158264,0.9964123,0.9991043,0.9963989,0.99750125,0.9934286,0.9886089,0.98785925,0.9955317,0.99763286,0.99584085,0.99236274,0.99376637
2.0,-0.0073766746,0.005622957,0.013620473,-0.0013955683,-0.0071437284,-0.015253454,-0.0023172162,-0.0011168383,-0.0105823185,-0.0064411163,0.007113859,-0.007516168,0.9964845,1.0030806,0.99330455,0.9945057,0.9942886,0.99717546,0.9843841,1.0000894,1.0031589,0.99224204,0.9986291,0.9970414
2.0,-0.009954721,0.004352033,0.015049364,0.0015875921,-0.0037172511,-0.0132178925,-0.0065108873,-0.0050142817,-0.0089810155,-0.0069043804,0.008123137,-0.0046867244,0.99683166,0.99926627,0.9946035,0.99587166,0.9924616,0.99165803,0.98793167,0.99826473,1.0010536,0.995543,0.9970566,0.9949134
2.0,-0.007494889,0.0050733685,0.01598816,0.0017343014,-0.0018078387,-0.013435252,-0.0070238076,-0.006289996,-0.009194039,-0.006106654,0.0074863583,-0.0031136163,0.9971473,0.9984091,0.9932633,0.99486786,0.99242884,0.99361986,0.98772156,0.9995591,1.0021591,0.99713933,0.9984335,0.9960552
2.0,-0.010103427,0.0042158924,0.015192639,0.0019225329,-0.003401436,-0.013312291,-0.0069063976,-0.0053052492,-0.008612169,-0.006771654,0.008178249,-0.004568707,0.9966392,0.99906707,0.9946077,0.9961193,0.9923716,0.99086934,0.9881223,0.99828124,1.0007113,0.99561673,0.99690115,0.9950611
2.0,-0.006897077,0.004705172,0.017240237,0.0036405846,0.0015062876,-0.012564927,-0.009695232,-0.009078756,-0.008229752,-0.0055798646,0.007395141,-0.00055124983,0.9973378,0.995705,0.9928203,0.99513495,0.99156606,0.99146754,0.989416,0.9996461,1.0014683,1.0000076,0.9983832,0.9959987
2.0,-0.010009505,0.0032670274,0.013563637,0.003027141,-0.0025467873,-0.0110484585,-0.006625913,-0.0051808283,-0.0073371064,-0.0066578686,0.006795563,-0.0044408776,0.99655986,0.99790883,0.99603987,0.997111,0.99240106,0.9880959,0.9890838,0.9963756,0.9982792,0.996654,0.9941357,0.99400085
3.0,0.0052399635,0.0063245706,0.013229635,-0.00028046966,-0.000113599,-0.012679819,-0.0016641691,-0.003925439,-0.009658708,-0.0019364636,0.001243785,-0.0028241388,0.99673074,0.999651,0.9890902,0.9922176,0.9956673,1.0017873,0.98228216,1.0036143,1.0034813,0.9992987,0.99920696,1.002212
3.0,0.018658131,0.0026711859,-0.0020831786,0.011404045,0.011331096,0.006478779,0.0075340085,0.004029669,0.0050468836,0.0031299107,-0.020497069,5.139038e-05,0.9960849,0.9941643,0.99854606,0.9993657,1.0018183,0.9834756,0.98891073,0.9856373,0.9846488,1.0034763,0.97651124,0.9969957
3.0,-0.010013785,0.0042342655,0.015735481,0.0028107166,-0.001608666,-0.01266671,-0.008354977,-0.006927997,-0.008235907,-0.006662078,0.00807213,-0.0031355955,0.9969164,0.997451,0.9947596,0.9960765,0.9917824,0.98991567,0.98925644,0.99799055,1.0002449,0.99731266,0.99676347,0.99471354
3.0,-0.00027618557,0.0011802241,0.0063400306,0.005935028,0.00030393153,-0.003894072,0.0013227463,0.00021136925,-0.0022899844,-0.0033261012,-0.0027428567,-0.005199123,0.9953697,0.9980322,0.99704057,0.99944776,0.99618226,0.985097,0.98761684,0.9924476,0.9924575,0.9975669,0.98569524,0.9948877
3.0,0.003162913,0.0050291605,0.015534487,0.0022891685,0.0031904355,-0.011390414,-0.0056231283,-0.0076376423,-0.008224861,-0.002384076,0.0028641298,-2.8692186e-05,0.99719816,0.9965372,0.9891843,0.9932962,0.99393743,0.9979234,0.9851011,1.0030909,1.0029376,1.0021594,0.9991004,1.0004256
3.0,-0.007273879,0.00520055,0.015664596,0.0013585091,-0.0023408905,-0.013425332,-0.006454628,-0.005662456,-0.009760404,-0.0061650854,0.0073427707,-0.003436394,0.997306,0.9987892,0.9932178,0.99466884,0.99268204,0.9944703,0.98745245,0.99957246,1.0024959,0.9968389,0.9985649,0.9959657
3.0,-0.008840654,0.0029242262,0.012392353,0.0039314106,-0.0013875738,-0.009697445,-0.0063633323,-0.0051389895,-0.00631296,-0.0061186105,0.005190037,-0.004049577,0.9964304,0.9970146,0.9966565,0.99755484,0.99265605,0.9865599,0.9895989,0.995365,0.99666125,0.9975515,0.9924263,0.9938827
3.0,-0.005648583,0.0024491884,0.0098706,0.005177647,9.409338e-05,-0.0073010176,-0.004650265,-0.0039479584,-0.0047247875,-0.0049422625,0.001721412,-0.0037498996,0.9961991,0.9962996,0.99734056,0.9981421,0.993707,0.98505425,0.9897648,0.9937404,0.994275,0.9985351,0.98948276,0.9940387
3.0,0.02629432,0.0040997416,-0.004925195,0.013769805,0.016838279,0.010462105,0.008518331,0.0051307697,0.007955989,0.006246358,-0.028151035,0.0029214658,0.9968032,0.9921598,0.99944466,0.999266,1.004462,0.98249465,0.99022454,0.982603,0.9811382,1.0058837,0.9732992,0.99806666
4.0,-0.010302696,0.0035068877,0.014129013,0.0028292686,-0.0026481636,-0.01159792,-0.007019881,-0.0054644905,-0.0077446904,-0.006779643,0.007321954,-0.0042907596,0.996661,0.99799174,0.9957442,0.99685335,0.9922462,0.9886483,0.98907244,0.99679095,0.99889797,0.9965804,0.99489343,0.994102
4.0,-0.0087425,0.0026072636,0.011933271,0.003352873,-0.0027249008,-0.009710167,-0.00489245,-0.0037733093,-0.006456349,-0.006223621,0.005258523,-0.005142357,0.9962275,0.9982766,0.9964641,0.99778193,0.99313205,0.9872423,0.9886261,0.99551797,0.9970075,0.9963873,0.9922676,0.9939946
4.0,-0.008900106,0.0028325208,0.012272373,0.0035234913,-0.0021644607,-0.00978661,-0.0057005063,-0.0045011565,-0.0065803286,-0.006269414,0.0053766966,-0.004553076,0.99642086,0.99767023,0.9965239,0.9975411,0.9928397,0.98716295,0.98911226,0.9954955,0.99704367,0.9969919,0.99254453,0.99387395
4.0,0.0010422543,0.0015601888,0.0057644397,0.006545499,0.0016700961,-0.003141109,0.0007852316,-0.00029357895,-0.0018844027,-0.0028801728,-0.004192628,-0.004159622,0.9956304,0.99695224,0.99746186,0.99914795,0.99625725,0.98466206,0.9883518,0.991709,0.991599,0.9987962,0.985042,0.99488306
4.0,0.0013500601,0.0015656203,0.005594678,0.006567821,0.0017638169,-0.002948217,0.0010014884,-0.00017245859,-0.0017695259,-0.0028149486,-0.0044587925,-0.004152797,0.9956435,0.9969472,0.99748874,0.9991271,0.99635565,0.9847268,0.98829544,0.9916103,0.9915195,0.9988518,0.98489666,0.99489886
4.0,0.0032463148,0.0015612356,0.0046561994,0.007197827,0.0027912706,-0.0018770993,0.0018342845,0.00032118335,-0.00095674396,-0.0021402426,-0.0062238052,-0.0037642047,0.99558735,0.99663895,0.99759126,0.9992759,0.99693143,0.98438835,0.9883452,0.99096835,0.9906439,0.99934304,0.9838004,0.99514633
4.0,-0.0102237165,0.003471017,0.01404468,0.0029881299,-0.0023857504,-0.011402328,-0.0071341954,-0.0056120604,-0.0076102233,-0.006734621,0.0071611255,-0.0041358583,0.996681,0.9977444,0.99584913,0.9968844,0.99221057,0.98840106,0.9892369,0.9966418,0.9986802,0.9968257,0.9946959,0.99402964
4.0,-0.008245446,0.0048781373,0.016096633,0.0020742863,-0.001663465,-0.01329954,-0.0075563192,-0.006612066,-0.00896677,-0.006275151,0.007765718,-0.0029959865,0.9971084,0.9980846,0.9936025,0.9951756,0.99218506,0.99260414,0.9882107,0.99920017,1.0017407,0.99724925,0.9981256,0.99569774
4.0,0.008002192,0.0053362288,0.013698574,0.0010716841,0.002917312,-0.010916468,-0.002820786,-0.005859133,-0.008623726,-0.0007983837,0.0002297312,-0.0007165,0.9969245,0.99757296,0.98789835,0.9924099,0.9955385,1.0011138,0.9825367,1.0044235,1.0030653,1.0024549,0.9988715,1.0028052
5.0,-0.0072592646,0.005124461,0.016023587,0.0017594621,-0.001706183,-0.013462875,-0.0070319027,-0.006320175,-0.009203909,-0.0060145035,0.007402979,-0.0030287057,0.9971338,0.99839145,0.9931487,0.99483407,0.99245864,0.9936899,0.987678,0.99966156,1.0022044,0.9972082,0.99850816,0.996207
5.0,-0.0032958686,0.0053758435,0.016145531,0.0019931272,0.000332959,-0.0129549615,-0.006688364,-0.0070191585,-0.009008726,-0.0046639387,0.005778156,-0.0016535558,0.99724066,0.9976152,0.9915169,0.99405557,0.9929315,0.995594,0.98683345,1.0010736,1.0028113,0.999101,0.9991291,0.9978635
5.0,0.0016597807,0.005643215,0.015060399,0.0013202578,0.0010911562,-0.012413535,-0.004654836,-0.006186206,-0.009043391,-0.0030457955,0.003360644,-0.0014881566,0.9970972,0.99799365,0.9899,0.99315494,0.9941579,0.9985551,0.98475283,1.0026104,1.0032423,1.0001032,0.9992777,1.0001338
5.0,-0.009861141,0.0032061301,0.013407033,0.003257081,-0.002248548,-0.010820955,-0.0067364126,-0.00529157,-0.0071549965,-0.0065619573,0.0065391436,-0.0042817295,0.9965472,0.99763936,0.9961581,0.9971933,0.99239975,0.98771423,0.9892737,0.9961824,0.99796087,0.99690306,0.9938425,0.9939561
5.0,0.005115919,0.0016250424,0.0037472732,0.0077826083,0.0038404688,-0.0008385405,0.0026222467,0.0007787049,-0.00015793182,-0.0014808346,-0.007981166,-0.0033720508,0.99556726,0.9963128,0.997722,0.9993595,0.99750996,0.9841288,0.98840684,0.99032784,0.9898148,0.99983287,0.98278755,0.9953842
5.0,-0.0097524375,0.0029060245,0.01274135,0.0023647845,-0.00400497,-0.010826841,-0.004798822,-0.0035233833,-0.007374415,-0.0067565795,0.0065876096,-0.00573577,0.99634814,0.99926126,0.99602616,0.99737054,0.9929973,0.98877984,0.9880014,0.9963347,0.99840885,0.9954073,0.9936678,0.9940483
5.0,-0.009358551,0.004601352,0.015688743,0.0019618198,-0.002540946,-0.013242938,-0.0073053986,-0.0060423575,-0.008857487,-0.0066334046,0.008065835,-0.0037318468,0.99695045,0.9985121,0.9942256,0.99561065,0.9921885,0.9917637,0.988279,0.9986367,1.0012428,0.99649215,0.99753094,0.99522376
1.0,-0.010416843,0.003885828,0.014503442,0.0017987415,-0.003980186,-0.012662381,-0.0062361993,-0.0046504624,-0.008563735,-0.0070024636,0.007990815,-0.0050788857,0.99667317,0.99929833,0.99513257,0.9963979,0.9925044,0.99056417,0.98806995,0.997657,1.0002613,0.9953605,0.99611384,0.99452376
1.0,-0.0065206364,0.002353251,0.010345858,0.0044081286,-0.001164645,-0.007886779,-0.0041579753,-0.0034867078,-0.0052529266,-0.0054140743,0.0028293878,-0.004509229,0.9961729,0.9972759,0.99703234,0.9980958,0.99364984,0.98599416,0.98907244,0.9942997,0.9952314,0.997599,0.9902309,0.994
1.0,-0.008616589,0.0026907101,0.011926137,0.0035036206,-0.0023478828,-0.0095496215,-0.0051901788,-0.0040772706,-0.006440713,-0.006196622,0.005089909,-0.00480292,0.99634135,0.9978959,0.9965596,0.9976708,0.99303806,0.9871409,0.9888959,0.9953718,0.9968807,0.99680585,0.99220824,0.993901
1.0,-0.010238003,0.003959652,0.015363481,0.0033621192,-0.0009924918,-0.011911653,-0.008813299,-0.007284634,-0.007980048,-0.0066842474,0.0077324063,-0.0027221888,0.99705255,0.9966252,0.995289,0.99630195,0.9916191,0.98883665,0.9899836,0.997271,0.9994208,0.9980577,0.99594754,0.994137
1.0,-0.0045274235,0.005187314,0.016515348,0.0024201944,0.00052320585,-0.012931943,-0.0075429976,-0.007571228,-0.008784847,-0.0050120354,0.0063727275,-0.0014232621,0.9972563,0.997175,0.991927,0.99438447,0.9925121,0.99439836,0.9875615,1.0006498,1.0024885,0.999201,0.9989614,0.99727684
1.0,-0.0095167495,0.0032460168,0.013281658,0.0037308484,-0.001322601,-0.010302,-0.0073057413,-0.005885102,-0.007003301,-0.006425714,0.006065473,-0.0035448112,0.9967481,0.99675775,0.9963805,0.99709576,0.9922372,0.98723614,0.9899006,0.9957948,0.9974851,0.9978693,0.9934798,0.993733
1.0,-0.006180726,0.00524034,0.01616523,0.0018432438,-0.0010615066,-0.013407938,-0.007024139,-0.0066286884,-0.009068904,-0.0056350585,0.007005185,-0.002595853,0.9971333,0.9981555,0.99267375,0.9946006,0.9925393,0.99419725,0.98746085,1.000107,1.0023923,0.99774057,0.9987505,0.99672407
1.0,0.00029309094,0.0018779188,0.0062376596,0.0066297203,0.0020719245,-0.0036188997,-0.0004451014,-0.0012077689,-0.0020641377,-0.0029992182,-0.003747113,-0.0037659556,0.9957386,0.9963409,0.9977026,0.9989704,0.9958344,0.98426026,0.9889466,0.9917865,0.991531,0.9991483,0.9854857,0.9947994
1.0,-0.0080833845,0.005063202,0.015583802,0.0012571663,-0.0029127747,-0.013649527,-0.0063611045,-0.0054312088,-0.009412555,-0.0063846,0.007663466,-0.003961455,0.99705315,0.99918574,0.9935684,0.9949719,0.9926205,0.99379313,0.9873751,0.9993497,1.0021749,0.99618393,0.9982803,0.99588186
1.0,-0.0075666197,0.0025214404,0.011151981,0.0040762946,-0.0015503503,-0.008667987,-0.0048257187,-0.0039427355,-0.005717504,-0.0057571847,0.0039109588,-0.0045626946,0.99622536,0.9974252,0.9968595,0.99794245,0.99329096,0.9863159,0.989103,0.99479294,0.99588853,0.9973227,0.9911311,0.99396783
1.0,-0.0052761436,0.0050594583,0.01674449,0.0027485415,0.00070606545,-0.012904335,-0.00814886,-0.00795877,-0.008625152,-0.005205335,0.0067154616,-0.0012272,0.997254,0.9968327,0.99218136,0.99461603,0.99224526,0.9935248,0.9880621,1.0003676,1.002229,0.9993193,0.99882567,0.9969326
1.0,0.0023598373,0.0052376315,0.015485141,0.0021168217,0.002538979,-0.011693053,-0.0055539235,-0.007241372,-0.008639825,-0.0027085915,0.0031794757,-0.00039836392,0.99724233,0.9968633,0.9895048,0.99333316,0.9939222,0.9978481,0.9852542,1.0027924,1.003053,1.0015186,0.9991998,1.0001214
1.0,-0.009530362,0.00412732,0.01694652,0.004809022,0.002221711,-0.01173475,-0.011512911,-0.010083608,-0.0076443395,-0.006175181,0.007843614,-0.00012288615,0.99742377,0.99411416,0.994505,0.99597967,0.9907768,0.9880514,0.99150217,0.9978637,0.99948555,1.0007702,0.9968069,0.99428695
1.0,-0.00938477,0.00451554,0.016026523,0.0025845915,-0.0015700907,-0.013029732,-0.008241482,-0.006922655,-0.008593627,-0.0065228846,0.008053087,-0.0029647313,0.99701095,0.99763083,0.9942211,0.99570084,0.9918954,0.9909358,0.98892576,0.9985302,1.0009346,0.9973283,0.997449,0.9951147
1.0,-0.01030039,0.0036805347,0.014520343,0.0030050129,-0.0020234212,-0.011634912,-0.0076510906,-0.006147176,-0.007799198,-0.0067721996,0.0074311867,-0.0037212633,0.9968307,0.9974479,0.99566525,0.99662805,0.9920024,0.98871976,0.9894307,0.9968882,0.999032,0.9971672,0.9952076,0.99404866
1.0,-0.010031249,0.0040376894,0.016069349,0.0041067526,0.0006630644,-0.011746101,-0.010188509,-0.008739933,-0.0076936614,-0.006453125,0.007758312,-0.0014679655,0.997228,0.9952975,0.9950867,0.9961674,0.9911541,0.98827815,0.9908302,0.99742746,0.99925137,0.99943334,0.9962024,0.99411947
1.0,-0.009480733,0.0031720325,0.013293475,0.0042954013,-0.0006279871,-0.010312561,-0.0078038424,-0.006324712,-0.0062993458,-0.0061118286,0.005810581,-0.0033840314,0.99640965,0.9963289,0.99653745,0.99751973,0.99216455,0.98595816,0.9902369,0.99569774,0.99672717,0.99800247,0.993061,0.9940129
1.0,-0.010223541,0.0041049384,0.015304048,0.002524346,-0.0023381747,-0.012601685,-0.0077180862,-0.0062369704,-0.008289686,-0.0067887977,0.008034565,-0.0037513338,0.9968368,0.9979852,0.9949753,0.9962168,0.9919837,0.9899784,0.98894817,0.9977908,1.0001411,0.9967218,0.9964568,0.99459213
1.0,-0.0055316873,0.005149722,0.016504187,0.0024028271,4.258752e-05,-0.013085488,-0.007704161,-0.00742542,-0.008869714,-0.0053477753,0.0067780167,-0.0017223544,0.99723625,0.9973242,0.99233174,0.9945773,0.9923855,0.99386525,0.98782736,1.0002837,1.0023357,0.9987468,0.9988284,0.9968659
1.0,-0.0062314793,0.005644731,0.015039805,0.00026004016,-0.003701087,-0.014278024,-0.0047620907,-0.0042009912,-0.009847801,-0.0058832634,0.006846614,-0.004688319,0.99687964,1.0004053,0.9928361,0.9943382,0.99337864,0.99603057,0.9859211,1.0002306,1.0029278,0.99537647,0.99887484,0.99711484
1.0,-0.008778278,0.0026944391,0.0120100565,0.0031595826,-0.002799306,-0.009707145,-0.004810214,-0.0038048886,-0.0065228306,-0.0063328817,0.005370848,-0.0051759183,0.99630576,0.9983332,0.9964776,0.9976453,0.9930799,0.98758614,0.9885319,0.99557567,0.9971896,0.99638873,0.99242944,0.9939463
1.0,-0.0052019767,0.0027093887,0.009759314,0.0055359527,0.0011107549,-0.0069153383,-0.005316891,-0.004634373,-0.0045540556,-0.0047917645,0.0011504292,-0.0029722936,0.9964375,0.9953943,0.9976299,0.9978748,0.9935279,0.9847619,0.9903875,0.99338615,0.99381655,0.9995083,0.98927194,0.99391365
1.0,-0.008440636,0.0046875365,0.016437378,0.0027513206,-0.0005938783,-0.012878865,-0.008552138,-0.0075800233,-0.008702695,-0.006242698,0.007823698,-0.002160076,0.9972601,0.9970494,0.9936933,0.9952933,0.99181974,0.99171895,0.98899597,0.99897814,1.0013812,0.9982528,0.99794674,0.99534184
1.0,-0.007894378,0.0028325059,0.011675864,0.004445292,-0.0005913153,-0.008859146,-0.0061674677,-0.0051134564,-0.005754115,-0.005750958,0.004088402,-0.0037057735,0.9964175,0.9964548,0.9969864,0.9976995,0.9928386,0.9858747,0.9899001,0.99477655,0.99575794,0.9981854,0.9914708,0.9938624
1.0,-0.006406687,0.0049988627,0.016667467,0.002677627,0.000118177384,-0.013039302,-0.00823978,-0.0077404194,-0.008723417,-0.0055850875,0.007146947,-0.0016272627,0.99723744,0.9970388,0.99267113,0.9948227,0.9921233,0.99300075,0.98832035,0.9999356,1.0020353,0.9987885,0.9986272,0.99644095
1.0,-0.008831833,0.0030535907,0.012536585,0.0039982423,-0.0010389127,-0.009609409,-0.006769888,-0.0055324547,-0.0064849984,-0.0061726663,0.0052021965,-0.00362565,0.9966447,0.99661493,0.9966866,0.9973208,0.9924901,0.98670805,0.98989606,0.99530774,0.9967359,0.9980478,0.9925736,0.99372125
1.0,-0.010244299,0.004098516,0.014890622,0.0019412339,-0.0033937432,-0.012720164,-0.0067687817,-0.005260475,-0.008655903,-0.006954048,0.00804349,-0.0045195073,0.99683046,0.9988378,0.9949771,0.99615204,0.99230903,0.99077183,0.9883427,0.9978161,1.0004733,0.99590456,0.9964808,0.9945637
1.0,-0.005983129,0.0021880306,0.009930626,0.004532568,-0.0011537969,-0.0075298175,-0.0035813898,-0.0030454583,-0.00497594,-0.005220948,0.002338156,-0.0046757273,0.9960519,0.99743986,0.9970384,0.9982934,0.99390733,0.9858423,0.988882,0.9941339,0.99493647,0.9974904,0.9897519,0.9941007
1.0,-0.0097124055,0.0032523572,0.013377845,0.0036532357,-0.0015679821,-0.010574259,-0.0073586665,-0.0058028363,-0.007155899,-0.0064854734,0.0062596425,-0.003673371,0.99672467,0.9969021,0.9962681,0.99706733,0.9922663,0.9873579,0.98982435,0.99592614,0.99769795,0.997642,0.993697,0.99375355
1.0,-0.007249724,0.002447337,0.010894507,0.0042731985,-0.0013728365,-0.008442979,-0.004722044,-0.003834609,-0.005572416,-0.0056087356,0.003544107,-0.0044869706,0.9961913,0.9973155,0.99690855,0.99803185,0.99340266,0.9860654,0.9891745,0.99461424,0.99561304,0.9974485,0.9908056,0.9939866
1.0,-0.009297747,0.002476111,0.011958946,0.0022375286,-0.004690498,-0.010378566,-0.0035045892,-0.0023678169,-0.0071429247,-0.0066466015,0.006108895,-0.0065069012,0.99613136,0.9999733,0.9960381,0.9977313,0.9934913,0.9887807,0.98738444,0.99613875,0.9981323,0.9947626,0.9929378,0.99408287
1.0,-0.004026547,0.0055510662,0.015882831,0.0014972761,-0.0007978529,-0.013467018,-0.006148942,-0.006249301,-0.00915417,-0.0049488414,0.0060490817,-0.0025028288,0.9970518,0.9984728,0.99185735,0.9941223,0.99305946,0.9956581,0.9865136,1.0008991,1.0028187,0.9979771,0.99909705,0.99786
1.0,-0.009286713,0.0047026277,0.0147329755,0.00055820495,-0.005131107,-0.014197245,-0.0050624683,-0.003551174,-0.009469252,-0.0067302566,0.008036338,-0.0058652014,0.99656653,1.0008855,0.99403024,0.99555606,0.99311256,0.99336964,0.98657376,0.9990821,1.0018603,0.9940363,0.99772346,0.99580956
2.0,-0.0027091876,0.002348788,0.008067735,0.0060254857,0.0015189424,-0.0053909533,-0.0032122396,-0.0031108484,-0.0034622038,-0.003992602,-0.0011393353,-0.0032965727,0.99614584,0.9957528,0.99776465,0.99834555,0.9945411,0.9844579,0.9897993,0.9925766,0.992671,0.9994293,0.98747313,0.9942819
2.0,-0.0077809915,0.0050901547,0.015627954,0.0013443306,-0.0029185861,-0.014023475,-0.006399926,-0.005334437,-0.009237109,-0.0061412007,0.0075611323,-0.0040354915,0.99680716,0.9993751,0.9933125,0.99505526,0.99274975,0.993525,0.9871776,0.9996273,1.0021089,0.9959504,0.9983694,0.99640596
2.0,-0.008461427,0.0046410076,0.01657163,0.0030021593,-0.00022901967,-0.0128064975,-0.00892359,-0.0079128705,-0.008576284,-0.0062045436,0.00782951,-0.0018736944,0.99726695,0.996715,0.9936844,0.99535125,0.99170506,0.99134904,0.9892385,0.99894375,1.0012509,0.99855524,0.997911,0.9953114
2.0,-0.0053601377,0.0017899461,0.009246066,0.003930159,-0.0023423396,-0.007050816,-0.0016616844,-0.0015300028,-0.005033452,-0.005333092,0.0020721704,-0.0056468286,0.9959781,0.9986384,0.99680644,0.9984017,0.9944714,0.9868841,0.98778117,0.99413484,0.99532926,0.9966264,0.9893864,0.99408716
2.0,-0.010272007,0.0039997734,0.015104894,0.002601035,-0.002250202,-0.012273267,-0.0076618344,-0.0062292665,-0.008188234,-0.006827086,0.007909492,-0.003737852,0.9968862,0.99782884,0.9951922,0.9962858,0.9919616,0.989767,0.98907954,0.997536,0.999881,0.9968894,0.99613315,0.99437183
2.0,-0.01033492,0.003526058,0.014141403,0.0026909634,-0.00284902,-0.011696987,-0.0068687573,-0.005324997,-0.007819199,-0.006817842,0.007400416,-0.004432816,0.99665314,0.99818003,0.99569273,0.9968202,0.99228776,0.98886424,0.988926,0.9968737,0.9990418,0.9964001,0.9949979,0.9941351
2.0,-0.0016469508,0.0013304614,0.007076584,0.0049043745,-0.00092077255,-0.004584547,0.00092433766,-2.5086105e-05,-0.003228902,-0.0041835383,-0.0012415051,-0.0055584684,0.9956838,0.99849355,0.997007,0.99895436,0.99566656,0.9862683,0.9872931,0.992934,0.9935923,0.9972296,0.986853,0.99450904
2.0,-0.010245122,0.0039683133,0.014209397,0.0013124719,-0.0044345297,-0.012365568,-0.005561758,-0.004175734,-0.009006696,-0.0072244704,0.007905863,-0.005293634,0.9969637,0.9995783,0.99520165,0.99608105,0.992638,0.99163765,0.9877899,0.99755126,1.0006527,0.9953067,0.99617195,0.99420244
2.0,-0.010369472,0.0039736032,0.015216406,0.0026669055,-0.002321165,-0.012576334,-0.0077606104,-0.0062311776,-0.007975446,-0.006743023,0.008010596,-0.003883198,0.9966611,0.99798506,0.9951096,0.9964575,0.9919768,0.9894018,0.98898846,0.9976897,0.9997947,0.9966037,0.9961775,0.99463814
2.0,-0.008922566,0.004279442,0.017025854,0.004200034,0.0016635023,-0.0120537765,-0.010665329,-0.009540316,-0.007970237,-0.006105615,0.007886119,-0.00053687766,0.9974521,0.9948896,0.99399495,0.99564016,0.99106586,0.9895691,0.99067324,0.9984727,1.0003219,1.0002582,0.99739933,0.9946781
2.0,-0.009186737,0.004732292,0.015188564,0.0010535121,-0.004058484,-0.013913687,-0.0059277266,-0.0046238676,-0.00910269,-0.006659884,0.008036956,-0.005017273,0.9966648,0.9999833,0.9940465,0.9955175,0.9927355,0.9928682,0.9871385,0.9990176,1.0016813,0.9949948,0.9977432,0.9957203
2.0,-0.009531707,0.004519094,0.015660975,0.0020779595,-0.0024437755,-0.013106372,-0.007442884,-0.0061498284,-0.008796992,-0.0066811927,0.008081667,-0.0036613457,0.9969772,0.9983444,0.994352,0.99568033,0.9921239,0.9914927,0.9884499,0.99847996,1.0010903,0.9966178,0.9973778,0.9950562
2.0,-0.009765852,0.0044981875,0.014262252,0.000115044415,-0.0060977116,-0.014030077,-0.0042324327,-0.0027129576,-0.009509604,-0.007025566,0.008166321,-0.0066837706,0.9965033,1.0015608,0.9943626,0.9957613,0.9932779,0.99351054,0.98618627,0.99881244,1.001777,0.99328685,0.9973641,0.9954923
3.0,-0.0066723675,0.005111262,0.016387235,0.0021792203,-0.00085139275,-0.0134930685,-0.00756526,-0.0069963597,-0.008705608,-0.0056866407,0.007241316,-0.0024442784,0.9969808,0.99791765,0.9928145,0.99487436,0.99233454,0.9932199,0.987785,0.9999691,1.0020541,0.99778646,0.99859333,0.99668944
3.0,0.0045135096,0.0043133907,0.015612047,0.0029993802,0.004788544,-0.010359816,-0.0062796026,-0.008533262,-0.007884422,-0.0018364396,0.0023082346,0.0010106303,0.9974492,0.99530345,0.9885275,0.99338984,0.9939236,0.9977362,0.9853352,1.003488,1.002794,1.0039005,0.99893874,1.0003972
3.0,0.006422259,0.004638996,0.015211221,0.0025956184,0.0047445893,-0.010326739,-0.0052643307,-0.008067694,-0.0076352367,-0.0012063067,0.001412347,0.00091657415,0.9971343,0.9958294,0.98804754,0.9931365,0.99440384,0.9985252,0.98428774,1.0040522,1.0027437,1.0039349,0.9988596,1.0017245
3.0,0.018658131,0.0026711859,-0.0020831786,0.011404045,0.011331096,0.006478779,0.0075340085,0.004029669,0.0050468836,0.0031299107,-0.020497069,5.139038e-05,0.9960849,0.9941643,0.99854606,0.9993657,1.0018183,0.9834756,0.98891073,0.9856373,0.9846488,1.0034763,0.97651124,0.9969957
3.0,-0.0039623976,0.0024859458,0.008825634,0.005629003,0.0010084957,-0.006138269,-0.004130386,-0.003676895,-0.004231738,-0.004500743,5.0999224e-05,-0.003195092,0.9963842,0.9957042,0.99765295,0.9979897,0.99407375,0.98493135,0.9899914,0.9929587,0.9934346,0.9994499,0.988424,0.993981
3.0,-0.009417135,0.00286448,0.012547787,0.0027808398,-0.0033150986,-0.01037411,-0.0050805286,-0.003885109,-0.0070486153,-0.0065900907,0.0061248317,-0.0053053983,0.9963837,0.998666,0.9962337,0.99743295,0.99293494,0.9881983,0.9883965,0.9959995,0.99789304,0.9960194,0.99321544,0.99395835
3.0,0.003276877,0.0010356642,0.004553415,0.006688662,0.001659032,-0.0017271787,0.0034642927,0.0014695227,-0.0009397231,-0.0023579076,-0.005790837,-0.0047740303,0.99534553,0.9978506,0.997129,0.9996037,0.9972497,0.9851225,0.9872646,0.99132794,0.9912543,0.99831796,0.98377556,0.995207
3.0,-0.0084799975,0.002550099,0.011647183,0.0030882806,-0.0030721314,-0.009441838,-0.0042662323,-0.0033183843,-0.006529105,-0.0063067954,0.005099997,-0.005393252,0.9962959,0.9985863,0.9964825,0.9977132,0.99328494,0.98772407,0.98830837,0.9954356,0.99712795,0.9962367,0.9921338,0.9939089
3.0,0.0052399635,0.0063245706,0.013229635,-0.00028046966,-0.000113599,-0.012679819,-0.0016641691,-0.003925439,-0.009658708,-0.0019364636,0.001243785,-0.0028241388,0.99673074,0.999651,0.9890902,0.9922176,0.9956673,1.0017873,0.98228216,1.0036143,1.0034813,0.9992987,0.99920696,1.002212
3.0,-0.00027618557,0.0011802241,0.0063400306,0.005935028,0.00030393153,-0.003894072,0.0013227463,0.00021136925,-0.0022899844,-0.0033261012,-0.0027428567,-0.005199123,0.9953697,0.9980322,0.99704057,0.99944776,0.99618226,0.985097,0.98761684,0.9924476,0.9924575,0.9975669,0.98569524,0.9948877
4.0,0.008529998,0.005659323,0.013095342,0.00045466423,0.0021420345,-0.011207968,-0.0018716753,-0.004957773,-0.009030695,-0.0006739907,-0.0002053082,-0.0013915971,0.9968244,0.9982791,0.9878866,0.9921277,0.99597454,1.0020808,0.9818758,1.0045351,1.0031704,1.0018026,0.99888045,1.0032244
4.0,-0.0102237165,0.003471017,0.01404468,0.0029881299,-0.0023857504,-0.011402328,-0.0071341954,-0.0056120604,-0.0076102233,-0.006734621,0.0071611255,-0.0041358583,0.996681,0.9977444,0.99584913,0.9968844,0.99221057,0.98840106,0.9892369,0.9966418,0.9986802,0.9968257,0.9946959,0.99402964
4.0,-0.010302696,0.0035068877,0.014129013,0.0028292686,-0.0026481636,-0.01159792,-0.007019881,-0.0054644905,-0.0077446904,-0.006779643,0.007321954,-0.0042907596,0.996661,0.99799174,0.9957442,0.99685335,0.9922462,0.9886483,0.98907244,0.99679095,0.99889797,0.9965804,0.99489343,0.994102
4.0,-0.008245446,0.0048781373,0.016096633,0.0020742863,-0.001663465,-0.01329954,-0.0075563192,-0.006612066,-0.00896677,-0.006275151,0.007765718,-0.0029959865,0.9971084,0.9980846,0.9936025,0.9951756,0.99218506,0.99260414,0.9882107,0.99920017,1.0017407,0.99724925,0.9981256,0.99569774
4.0,-0.010166887,0.004155338,0.015056316,0.0021135658,-0.0030235052,-0.012687799,-0.007131912,-0.0055987127,-0.008742054,-0.006918296,0.008031622,-0.0041469447,0.9969408,0.99849355,0.99490505,0.99605376,0.9922099,0.99074465,0.98858875,0.99782765,1.0005277,0.996282,0.9966041,0.99451625
4.0,0.0146726,0.005666923,0.010980871,-0.00060332566,0.0026723184,-0.010186654,0.00095964223,-0.003519062,-0.008927392,0.0015452709,-0.0035120547,-0.0016833246,0.99635684,0.9988265,0.98628145,0.99123037,0.99778205,1.0051175,0.97895974,1.006214,1.0026466,1.0030861,0.9981719,1.0063037
4.0,0.013623446,0.0017690584,-4.0140003e-05,0.01012475,0.008036047,0.0038317665,0.006824035,0.0034540128,0.0033124983,0.001411764,-0.015588596,-0.0018391833,0.9954846,0.99561197,0.9978355,0.9998499,1.0003688,0.98364455,0.98817444,0.9876424,0.98672295,1.0014886,0.97853523,0.9965139
4.0,-0.009021919,0.0030874163,0.012761556,0.0041599497,-0.000846602,-0.009812083,-0.007175375,-0.0058210306,-0.006426651,-0.0061277933,0.005351588,-0.0034843385,0.996571,0.99645704,0.9966542,0.99740434,0.99237865,0.9863631,0.9900767,0.99539095,0.9966698,0.99809426,0.99268466,0.99380976
4.0,-0.0042466037,0.0055058934,0.015906874,0.001588203,-0.0007990785,-0.013447456,-0.0063146316,-0.006297726,-0.009232413,-0.0050298385,0.006129496,-0.0024530813,0.9971033,0.9983652,0.99191684,0.99416465,0.99301594,0.99547994,0.98667467,1.0007929,1.0028092,0.99800175,0.99908245,0.997692
4.0,0.0036374927,0.0016732886,0.004470594,0.0073680803,0.003179524,-0.0016718656,0.0017328225,0.00022532046,-0.00081373006,-0.001990037,-0.006664984,-0.003513474,0.9956491,0.9963639,0.9977101,0.999198,0.9969926,0.9842732,0.98852795,0.990766,0.9903932,0.99964017,0.9836103,0.9951633
4.0,-0.007133309,0.0024859235,0.010856539,0.0043309033,-0.0011638924,-0.008336343,-0.0047423467,-0.0039411634,-0.0054268623,-0.00556414,0.0034141243,-0.00441793,0.9961893,0.997184,0.996982,0.9980272,0.9933864,0.98597664,0.9892276,0.9945585,0.99548566,0.99756867,0.9907219,0.9940017
4.0,0.0022139102,0.001941409,0.0052304156,0.0072027743,0.0030882806,-0.0025239475,0.0002474822,-0.0007810369,-0.0013793092,-0.0023691654,-0.005583003,-0.0032621585,0.99579954,0.9959159,0.9978817,0.99894947,0.99637765,0.9840627,0.98907846,0.99106103,0.99067557,0.99982846,0.9844163,0.99495536
4.0,-0.010241844,0.0035622753,0.014177546,0.0028432533,-0.0024350658,-0.011481691,-0.007118907,-0.0056547,-0.0077596875,-0.0068001207,0.0072902218,-0.0041077733,0.99676514,0.9977958,0.9957742,0.99673754,0.9921752,0.98877734,0.9891739,0.9967581,0.9989268,0.9968363,0.99492824,0.99401456
5.0,-0.0097524375,0.0029060245,0.01274135,0.0023647845,-0.00400497,-0.010826841,-0.004798822,-0.0035233833,-0.007374415,-0.0067565795,0.0065876096,-0.00573577,0.99634814,0.99926126,0.99602616,0.99737054,0.9929973,0.98877984,0.9880014,0.9963347,0.99840885,0.9954073,0.9936678,0.9940483
5.0,-0.0032958686,0.0053758435,0.016145531,0.0019931272,0.000332959,-0.0129549615,-0.006688364,-0.0070191585,-0.009008726,-0.0046639387,0.005778156,-0.0016535558,0.99724066,0.9976152,0.9915169,0.99405557,0.9929315,0.995594,0.98683345,1.0010736,1.0028113,0.999101,0.9991291,0.9978635
5.0,-0.0043634363,0.0017988123,0.008761451,0.0048884302,-0.0009478405,-0.0064660795,-0.0019669943,-0.0018993728,-0.00418956,-0.0046722293,0.00085965544,-0.005025577,0.9957967,0.9977676,0.9970534,0.99870604,0.99463767,0.9855942,0.9883921,0.99363804,0.994176,0.99734676,0.9884615,0.99433404
5.0,-0.004216846,0.005427588,0.01604684,0.0017545149,-0.00041511655,-0.01324138,-0.00654513,-0.006626893,-0.009153505,-0.005004609,0.006152831,-0.002175253,0.9971865,0.99805236,0.9918982,0.99416727,0.99289906,0.9954067,0.9868643,1.0007848,1.0027766,0.9983838,0.9990666,0.997562
5.0,-0.010203727,0.0041393638,0.014773846,0.0016265586,-0.0037987493,-0.012795534,-0.0063210465,-0.004896328,-0.008766739,-0.0070207547,0.00806994,-0.004845906,0.9968281,0.999222,0.99495035,0.99607223,0.9924291,0.99125886,0.98801947,0.99790144,1.0006763,0.99556845,0.9965652,0.9945981
5.0,-0.0033850297,0.0014227182,0.0080155805,0.0046136677,-0.0015394539,-0.0057707354,-0.00011109933,-0.0005923696,-0.0038158828,-0.004565615,0.00023829192,-0.005807869,0.9956222,0.99865365,0.9968808,0.9989454,0.99522483,0.98618925,0.987451,0.99354297,0.994197,0.99670696,0.98784477,0.9944543
5.0,-0.009861134,0.0032061227,0.01340704,0.0032570884,-0.0022485517,-0.0108209625,-0.006736424,-0.0052915737,-0.0071549956,-0.0065619517,0.006539151,-0.004281733,0.9965472,0.99763936,0.9961581,0.9971933,0.99239975,0.98771423,0.9892737,0.9961824,0.99796087,0.99690306,0.9938425,0.9939562
5.0,0.0016597658,0.005643215,0.015060406,0.0013202801,0.0010911562,-0.012413539,-0.004654832,-0.0061862245,-0.009043397,-0.0030457918,0.0033606663,-0.0014881641,0.9970972,0.99799365,0.9899,0.99315494,0.9941579,0.9985551,0.98475283,1.0026104,1.0032423,1.0001032,0.9992777,1.0001338
