label,mu_1,mu_2,mu_3,mu_4,mu_5,mu_6,mu_7,mu_8,mu_9,mu_10,var_1,var_2,var_3,var_4,var_5,var_6,var_7,var_8,var_9,var_10
1.0,-0.4428227,0.59702015,-0.4896216,0.505236,0.57619405,0.32457328,0.7838312,-0.40386325,-0.34811234,-0.39278036,0.7102304,0.73751235,0.77016747,0.48668537,0.6631023,0.7670887,0.43153536,0.884445,0.93183833,0.7247057
1.0,-0.4471826,0.6029537,-0.47392696,0.51058817,0.56567687,0.30316156,0.78281575,-0.3918438,-0.3661968,-0.3819511,0.7237101,0.74531597,0.78216326,0.5062506,0.68139607,0.79707605,0.44877967,0.8961519,0.9500726,0.7349789
1.0,-0.44558525,0.60093343,-0.47713685,0.5085743,0.5677891,0.30943355,0.7830618,-0.39471507,-0.3607645,-0.38466248,0.720015,0.7434261,0.7793582,0.5008979,0.6763916,0.78796107,0.44436786,0.89245045,0.94532776,0.7327569
1.0,-0.44766456,0.604043,-0.4717212,0.5116149,0.56419027,0.29965484,0.7820788,-0.39016312,-0.36907235,-0.38004586,0.7258243,0.7464043,0.783606,0.5092545,0.68402535,0.80204326,0.45140377,0.8984126,0.9526571,0.73634154
1.0,-0.44444254,0.59831136,-0.48326457,0.50667214,0.57208765,0.31807032,0.784455,-0.39889032,-0.35415953,-0.3896123,0.7145834,0.7403804,0.77495956,0.49347758,0.66952497,0.7760785,0.43760714,0.88762337,0.93836653,0.7287369
1.0,-0.44743943,0.6069629,-0.47472787,0.5125513,0.5657201,0.29805148,0.7806928,-0.39340752,-0.36857426,-0.3775186,0.7262215,0.7457745,0.78199714,0.50769264,0.6833717,0.80463696,0.45045316,0.8992655,0.9521173,0.7353421
1.0,-0.44828215,0.60589683,-0.46771675,0.51345336,0.5611834,0.29261664,0.7798662,-0.38721037,-0.3744374,-0.37583634,0.7300181,0.7485255,0.7861846,0.5149987,0.6890783,0.81216216,0.45662174,0.90303993,0.9572856,0.73869985
1.0,-0.44681105,0.6056149,-0.47741836,0.51131016,0.56805754,0.30360204,0.7822113,-0.39552802,-0.36452842,-0.38073772,0.72300595,0.74402505,0.7797963,0.50328684,0.67927825,0.7966308,0.4464558,0.8959227,0.9484497,0.7335589
1.0,-0.4484556,0.60512006,-0.46958253,0.5129927,0.5626396,0.29549968,0.78136957,-0.38836795,-0.37262338,-0.37791318,0.7282592,0.74763095,0.7852451,0.512689,0.6872173,0.8081269,0.45449525,0.9010913,0.9554296,0.73751974
1.0,-0.4473099,0.603943,-0.47594124,0.51100636,0.56732243,0.3043092,0.7834262,-0.39353284,-0.36522263,-0.38238692,0.7228073,0.7444335,0.7808703,0.5043802,0.67996866,0.795597,0.44707978,0.89548546,0.9489178,0.7340313
1.0,-0.44670805,0.6011108,-0.47752213,0.5092745,0.56840026,0.3091871,0.7845196,-0.39423352,-0.36192626,-0.38561344,0.72003126,0.743399,0.7796804,0.50139934,0.6770267,0.7886478,0.4443762,0.8925188,0.94581753,0.7326071
1.0,-0.4473516,0.6032531,-0.47478884,0.5107974,0.5664839,0.30394146,0.78338295,-0.3924361,-0.36581206,-0.3824918,0.723157,0.7448848,0.78161305,0.5053849,0.6806924,0.7960216,0.44793332,0.8957097,0.94951814,0.7345246
1.0,-0.4466727,0.60163,-0.47608596,0.5095372,0.5673661,0.30742523,0.78384286,-0.39334482,-0.3631136,-0.3844375,0.72115636,0.7440349,0.7804907,0.5029384,0.67830014,0.7909908,0.44578117,0.8936066,0.947198,0.73353505
1.0,-0.44719645,0.6030816,-0.47624576,0.5105024,0.56751704,0.3055469,0.7837625,-0.39356172,-0.36444637,-0.3833431,0.7221149,0.7442287,0.78068805,0.50375015,0.67930746,0.79381067,0.44646266,0.894703,0.948194,0.7337184
1.0,-0.44664246,0.60188866,-0.47707003,0.5096047,0.5680971,0.30810663,0.784037,-0.3941842,-0.3624802,-0.384683,0.72066694,0.7436111,0.7798579,0.5019659,0.6775466,0.7900993,0.4449475,0.89320254,0.94648725,0.7330111
1.0,-0.44806087,0.60521674,-0.47014433,0.51265395,0.5631115,0.2965618,0.7813358,-0.3890226,-0.37152213,-0.37818965,0.7276368,0.74723595,0.7846215,0.5116345,0.68616855,0.80649567,0.45354548,0.90045214,0.95471895,0.73732656
1.0,-0.44744954,0.60387695,-0.47545466,0.51109076,0.5669027,0.3036199,0.78331953,-0.39305335,-0.3658442,-0.38215634,0.7232345,0.74473596,0.78131574,0.50510895,0.6806107,0.79656804,0.4477105,0.8958732,0.9494395,0.7342886
1.0,-0.44753364,0.6067505,-0.4690816,0.51317954,0.5619773,0.29345188,0.7791753,-0.38896292,-0.37279612,-0.3750793,0.72944176,0.74791425,0.78496546,0.5132081,0.68759006,0.81091076,0.45533803,0.90250725,0.95618004,0.73820746
1.0,-0.4478369,0.6045081,-0.46525922,0.5127897,0.55954444,0.29253536,0.77933973,-0.38538378,-0.37480682,-0.37588722,0.7304379,0.7492042,0.78722537,0.51635176,0.6898171,0.8119249,0.4579729,0.903249,0.9579869,0.7396139
1.0,-0.44746664,0.60402846,-0.47518235,0.51120347,0.5667982,0.3034237,0.78331035,-0.3928759,-0.36604655,-0.38201505,0.7233676,0.74479294,0.7813988,0.50531197,0.6807599,0.796828,0.44787827,0.896035,0.94966596,0.7344547
1.0,-0.44598454,0.6025949,-0.4801401,0.5093194,0.5702236,0.3104481,0.7838495,-0.39708087,-0.35981822,-0.38526845,0.71902543,0.74224955,0.7776259,0.4986717,0.6747247,0.7868104,0.44212016,0.8918684,0.9439917,0.73146254
1.0,-0.44726735,0.6058718,-0.4755618,0.51184666,0.56687224,0.30152255,0.78213364,-0.39380583,-0.3665787,-0.3800131,0.72431576,0.74486935,0.7810826,0.5055936,0.6811962,0.7995554,0.4483024,0.89722395,0.9503301,0.7346704
1.0,-0.44713,0.6048652,-0.47336465,0.5115198,0.5653194,0.30080023,0.78179103,-0.39198714,-0.3674829,-0.3798133,0.72502285,0.74564016,0.78227335,0.5072735,0.68238366,0.8003791,0.4498529,0.897734,0.9513615,0.73561347
1.0,-0.4474521,0.60403717,-0.47511733,0.5111882,0.5667054,0.30324578,0.7832034,-0.39283836,-0.36611557,-0.38189918,0.7234732,0.74485475,0.78146684,0.505443,0.68087924,0.7970851,0.4479961,0.89612925,0.9497591,0.73451346
1.0,-0.44657674,0.60374546,-0.47644538,0.5102801,0.5666428,0.3031591,0.78155583,-0.39438915,-0.36465216,-0.3810024,0.7233871,0.7448099,0.78094965,0.5045016,0.6802599,0.79712754,0.44761688,0.89589655,0.9487275,0.73384464
1.0,-0.44701722,0.60352564,-0.47758308,0.5104978,0.56846726,0.30641502,0.78379977,-0.3948081,-0.36343992,-0.3835166,0.721479,0.7436569,0.77977127,0.50239104,0.67821217,0.7926363,0.44529772,0.89418364,0.9472371,0.73307604
1.0,-0.4460544,0.6031027,-0.48108172,0.5094137,0.57035565,0.30928582,0.7831602,-0.397964,-0.35998172,-0.3844369,0.7195231,0.74236995,0.7775761,0.4987458,0.6751254,0.78857046,0.44232944,0.89233994,0.94406503,0.73110515
1.0,-0.44658792,0.6015028,-0.4784472,0.50930095,0.56907386,0.30969855,0.7845104,-0.395079,-0.36129415,-0.3857345,0.71963125,0.743012,0.77904445,0.50052375,0.67628837,0.7879368,0.44358006,0.89222544,0.94521195,0.73219806
1.0,-0.44703567,0.60303223,-0.47765595,0.5102889,0.56849587,0.30692187,0.7840123,-0.39470434,-0.36322284,-0.38399655,0.7212035,0.7436142,0.7797822,0.5022219,0.6780282,0.7919179,0.44512787,0.8938562,0.94696087,0.7329288
1.0,-0.44805306,0.60648656,-0.4709441,0.51319695,0.56339747,0.29522577,0.7806122,-0.38997072,-0.37186784,-0.376771,0.7282182,0.7472133,0.78427285,0.5116165,0.6864615,0.80858284,0.4537088,0.90123487,0.954956,0.73717016
1.0,-0.44753307,0.6040057,-0.47457346,0.5112724,0.5662755,0.30260167,0.78304774,-0.39237812,-0.3666734,-0.38160372,0.7238882,0.7451351,0.78186685,0.50611866,0.68146306,0.7979841,0.44860846,0.89651805,0.9502584,0.73479474
1.0,-0.4452299,0.6011376,-0.4809971,0.50820756,0.57065713,0.3129881,0.78373563,-0.39770377,-0.35770848,-0.3865894,0.7175827,0.74168205,0.77676624,0.49694237,0.67290235,0.78308827,0.44064382,0.8904212,0.94212687,0.73070717
1.0,-0.4472111,0.60350204,-0.47868407,0.5106856,0.5692253,0.3071554,0.7842557,-0.3957067,-0.36292705,-0.38375548,0.7209779,0.74323016,0.77919555,0.50134236,0.67763233,0.7918695,0.44459373,0.8937348,0.94638616,0.7322619
1.0,-0.4473107,0.60304874,-0.4742211,0.5107345,0.56610686,0.30376974,0.7832982,-0.39199656,-0.36601812,-0.38240582,0.7233262,0.7450624,0.7818873,0.50577915,0.68097436,0.79622513,0.44830358,0.8958433,0.9497928,0.73478097
1.0,-0.44728464,0.602744,-0.47471333,0.5105789,0.566461,0.30458832,0.78358847,-0.3923242,-0.3654676,-0.38289535,0.72283447,0.7448133,0.7815866,0.505116,0.68043154,0.7951056,0.44774982,0.89533126,0.949195,0.73440915
1.0,-0.4477546,0.60590065,-0.4726305,0.5125174,0.5647411,0.29817757,0.7814937,-0.39130327,-0.36961663,-0.37844783,0.726467,0.7462632,0.78307897,0.5091238,0.68423975,0.8043088,0.45146447,0.8993486,0.952989,0.7361707
1.0,-0.44737738,0.6050208,-0.47307283,0.5117895,0.56513447,0.3001488,0.7818584,-0.3916468,-0.36814368,-0.3796129,0.7253944,0.74583364,0.7825817,0.50786144,0.6829521,0.8013664,0.4503283,0.8981305,0.95184445,0.73578805
1.0,-0.447594,0.6078394,-0.46434143,0.51441807,0.5583979,0.28662187,0.7761213,-0.3854931,-0.3777789,-0.37068412,0.73361975,0.750178,0.78755605,0.5191986,0.69250625,0.8207129,0.46080932,0.90720445,0.96068907,0.7408466
1.0,-0.44676313,0.60485053,-0.47496352,0.5111244,0.566406,0.30253026,0.78192997,-0.3934359,-0.36577892,-0.38045833,0.7239095,0.74490047,0.78115296,0.50533366,0.6807256,0.79791915,0.44820017,0.8966469,0.9498625,0.73476523
1.0,-0.44660947,0.6016856,-0.47670785,0.50950277,0.5678438,0.30805367,0.78399366,-0.39386594,-0.3625728,-0.384708,0.7207397,0.7437311,0.7800497,0.5022227,0.6777073,0.7901387,0.44515762,0.89324176,0.9466531,0.7331912
1.0,-0.44785276,0.6048231,-0.47218764,0.51209855,0.5646026,0.299251,0.7821701,-0.3906032,-0.36933777,-0.3796703,0.72595835,0.74626297,0.7833502,0.5091035,0.6840438,0.80271995,0.45127442,0.8986845,0.95274913,0.73620427
1.0,-0.44730878,0.6038903,-0.47556776,0.5110197,0.5670726,0.30408287,0.78336054,-0.39324364,-0.36544865,-0.38226545,0.72297806,0.74456805,0.7810687,0.50469804,0.68021387,0.7958902,0.4473734,0.8956403,0.94915843,0.73421186
1.0,-0.44742438,0.60619307,-0.4744888,0.51220644,0.5660796,0.2999677,0.7817325,-0.39298406,-0.36780697,-0.37910247,0.7252742,0.7454059,0.7817885,0.50697696,0.68241656,0.8017781,0.44955415,0.8982101,0.9514658,0.735302
1.0,-0.44673058,0.60317564,-0.47673765,0.510244,0.5678308,0.306294,0.7834174,-0.39428866,-0.36347696,-0.38325405,0.7216772,0.74390197,0.7800836,0.5028076,0.6784319,0.79266536,0.4457815,0.89430743,0.947481,0.73344684
1.0,-0.44681874,0.6034868,-0.47647148,0.51044875,0.5676357,0.3056263,0.7832705,-0.39412132,-0.36395398,-0.38284704,0.722063,0.7440706,0.78029186,0.5032719,0.67887,0.79361457,0.44619212,0.8947098,0.94792485,0.7336602
1.0,-0.4477517,0.6081089,-0.47030532,0.5138649,0.56245446,0.29190227,0.77854496,-0.3900849,-0.37331706,-0.37365097,0.73001146,0.7478751,0.7845881,0.51318043,0.68802893,0.8134377,0.4554686,0.9033681,0.95645016,0.7378615
1.0,-0.4468032,0.6079113,-0.4764738,0.5123446,0.56641483,0.29798514,0.77941006,-0.39551136,-0.36723888,-0.37622124,0.7259894,0.7453285,0.7808661,0.506195,0.68237954,0.8047889,0.4495569,0.89921623,0.9512215,0.73462576
1.0,-0.44742268,0.60518616,-0.47536224,0.511665,0.56673515,0.30191457,0.782536,-0.39337462,-0.3666026,-0.38063475,0.7241402,0.7449446,0.7813501,0.5057318,0.68130463,0.7990327,0.44836465,0.8969372,0.9502471,0.7346279
1.0,-0.44753912,0.60441965,-0.47332245,0.5115978,0.5654114,0.30110106,0.7824988,-0.39155716,-0.36779624,-0.38057742,0.724848,0.74565893,0.78252137,0.50745136,0.6825678,0.80003536,0.44985554,0.89751637,0.95139897,0.73552066
1.0,-0.44703263,0.6046332,-0.47572616,0.51114583,0.56705284,0.30340225,0.78264594,-0.39375952,-0.3654225,-0.3813269,0.72333044,0.7445767,0.78084767,0.50466645,0.68021995,0.7967983,0.44747913,0.8960737,0.94929945,0.73429954
1.0,-0.44719046,0.60579544,-0.46811938,0.5125667,0.5613134,0.2940234,0.7790312,-0.3882163,-0.37246916,-0.37554294,0.7293016,0.74812233,0.7853378,0.5134744,0.68753225,0.80984354,0.45559195,0.90218186,0.9561573,0.73854005
1.0,-0.44666588,0.6037282,-0.47528294,0.5105493,0.5666852,0.30424488,0.78253037,-0.3934316,-0.3647881,-0.38177145,0.7229692,0.7446063,0.78092605,0.50446796,0.6798613,0.7954584,0.44738585,0.8955794,0.9489139,0.73435307
2.0,-0.4478659,0.60504186,-0.47118318,0.5123098,0.56382394,0.2978936,0.78161854,-0.38988772,-0.37032673,-0.37882668,0.72680914,0.7467518,0.7839529,0.5103256,0.68505627,0.8046033,0.4523948,0.8995667,0.95370203,0.7367819
2.0,-0.44693214,0.6043056,-0.4760778,0.51091814,0.56727004,0.30409533,0.7827722,-0.3940087,-0.36489552,-0.3817302,0.7229271,0.7443968,0.78061783,0.50413704,0.67974484,0.795803,0.4470394,0.8956351,0.94878954,0.7340261
2.0,-0.4466518,0.6043987,-0.4772379,0.5106739,0.5680849,0.30526406,0.7827963,-0.3950817,-0.36369532,-0.38214082,0.7221574,0.74384826,0.77976227,0.50276136,0.6785425,0.7941448,0.44583958,0.89493436,0.9477402,0.7334377
2.0,-0.44717944,0.6019507,-0.47653383,0.51002514,0.56775314,0.30711722,0.78438306,-0.39349478,-0.36364484,-0.3845259,0.72125417,0.74397117,0.7805063,0.5029905,0.6785891,0.79163045,0.4457948,0.89374614,0.94730717,0.7332658
2.0,-0.44691312,0.60214424,-0.47621304,0.5099264,0.5674837,0.30680326,0.7839045,-0.39345706,-0.36360776,-0.3840991,0.7214674,0.74407655,0.7805426,0.50317496,0.6786447,0.79195,0.44599044,0.8939653,0.94750816,0.7335358
2.0,-0.4460973,0.6023282,-0.4806792,0.5091957,0.5704085,0.3105345,0.7839194,-0.39734113,-0.3596724,-0.38549817,0.7189194,0.7422127,0.7775828,0.49850607,0.67469233,0.7868056,0.44195166,0.891706,0.9437185,0.7311524
2.0,-0.44776225,0.6074056,-0.4704418,0.5134968,0.5624971,0.29267997,0.7789075,-0.3899911,-0.3729013,-0.37449548,0.7295938,0.74782073,0.78466296,0.5129118,0.6877449,0.8122529,0.45516488,0.9027939,0.9560467,0.73767084
2.0,-0.44448233,0.59788674,-0.48274758,0.5065131,0.571725,0.318086,0.78458244,-0.3983053,-0.3543516,-0.3898016,0.714632,0.7405699,0.77530414,0.49388793,0.6698021,0.7760497,0.43790576,0.8875961,0.93860996,0.72899246
2.0,-0.4469708,0.60439086,-0.47880912,0.51076823,0.56910807,0.30605227,0.78338385,-0.39607793,-0.36314958,-0.38284883,0.72151476,0.7433804,0.77915734,0.50168604,0.67786294,0.7932505,0.4448444,0.8943451,0.9468531,0.73255104
2.0,-0.4480389,0.6068461,-0.4687541,0.51361716,0.56182367,0.29262698,0.7795035,-0.38836867,-0.37383366,-0.3751509,0.7298713,0.74816513,0.7854358,0.5140973,0.68843156,0.8122158,0.45593414,0.9030202,0.95685905,0.73839265
2.0,-0.44798368,0.6070839,-0.46954,0.5135999,0.5622217,0.29280484,0.77942866,-0.38906434,-0.37340912,-0.37504965,0.72966295,0.7479606,0.78507,0.5135082,0.6880619,0.81202435,0.45548204,0.9028306,0.95646113,0.7380529
2.0,-0.4474097,0.6047203,-0.4762978,0.5113597,0.5672561,0.3028997,0.7828104,-0.39397138,-0.36583245,-0.3813466,0.7234966,0.74463916,0.78095734,0.50483865,0.68059814,0.79766864,0.44759405,0.8962417,0.9493946,0.7340229
2.0,-0.44790754,0.6053497,-0.47150952,0.51242733,0.5636799,0.2968627,0.78107303,-0.39017016,-0.3707156,-0.37814128,0.72728944,0.74695796,0.78408724,0.5107141,0.6855756,0.80613744,0.452825,0.9000798,0.95397365,0.73671585
2.0,-0.44730636,0.60503983,-0.4766859,0.51141846,0.56772125,0.3034805,0.7829699,-0.3944093,-0.36534762,-0.3814927,0.7231363,0.7443166,0.7804888,0.5041776,0.6799844,0.796845,0.44697452,0.8959628,0.9490162,0.73387027
2.0,-0.44731557,0.6072062,-0.4755929,0.51248896,0.5662981,0.2986317,0.78069836,-0.3942318,-0.36787292,-0.37760657,0.7257945,0.7454205,0.7814265,0.506791,0.68266577,0.80384433,0.4497043,0.89888924,0.9515092,0.73492956
2.0,-0.44597918,0.60227346,-0.47870997,0.5092596,0.569123,0.30941793,0.7835197,-0.39595872,-0.3606998,-0.3847056,0.7197809,0.74286723,0.7785315,0.50000906,0.67582595,0.78817385,0.44337985,0.8924619,0.94498086,0.7321921
2.0,-0.44530663,0.6081535,-0.45249066,0.51486,0.54881346,0.2714139,0.764885,-0.37788206,-0.38670856,-0.35851252,0.7431668,0.7555201,0.7926614,0.53237873,0.7026724,0.84261125,0.4738406,0.9180895,0.9695218,0.7468922
2.0,-0.44723725,0.6033989,-0.47560197,0.5107266,0.56704473,0.3045721,0.7834503,-0.39316452,-0.36512572,-0.38267666,0.7227213,0.744538,0.7810764,0.5045297,0.68000644,0.7951771,0.4471973,0.8953124,0.94888604,0.73412484
2.0,-0.44771504,0.60510206,-0.47352222,0.51200914,0.5654938,0.300194,0.7823151,-0.3917787,-0.3683184,-0.37994325,0.7252882,0.7457336,0.7825343,0.50776327,0.6829948,0.80144006,0.4501336,0.8980534,0.95178884,0.7355604
2.0,-0.4478792,0.6060716,-0.4729364,0.51264524,0.564857,0.2978861,0.7814756,-0.3914923,-0.36977553,-0.37832618,0.72656363,0.74627185,0.7830647,0.5091597,0.6843774,0.8047906,0.45149404,0.8994768,0.9530344,0.7360525
2.0,-0.44749758,0.60388196,-0.47444582,0.51122665,0.5662351,0.30279493,0.78311193,-0.3922871,-0.36659455,-0.3816972,0.72380763,0.7451197,0.7818706,0.5060673,0.68139124,0.79769516,0.44858402,0.8964255,0.9502032,0.7348119
2.0,-0.44717318,0.6042329,-0.47692034,0.5109632,0.5679076,0.30473092,0.78330976,-0.39444435,-0.36458158,-0.38238722,0.7224602,0.7440994,0.7802906,0.5035206,0.6793047,0.79502517,0.44637856,0.8951952,0.94828737,0.73356616
2.0,-0.4475963,0.6055707,-0.47547084,0.5119685,0.5667106,0.30117717,0.782399,-0.39348292,-0.3670838,-0.38014695,0.7245056,0.7450565,0.78144956,0.5060372,0.68173283,0.80017036,0.44870123,0.89735585,0.95055777,0.7346153
2.0,-0.44726622,0.6047373,-0.47743678,0.51121855,0.5681883,0.30434754,0.7831926,-0.39494288,-0.3646863,-0.3820139,0.72258675,0.74402094,0.78009087,0.50336295,0.67932636,0.7956428,0.44630146,0.8953971,0.9482766,0.73336154
2.0,-0.4478072,0.6039859,-0.4730006,0.5115555,0.5651965,0.30101344,0.78282887,-0.39096233,-0.36823964,-0.38106763,0.7249103,0.7458509,0.7829307,0.5079813,0.6829648,0.80015534,0.4501536,0.8975303,0.9516811,0.735632
2.0,-0.44696066,0.6034111,-0.47916526,0.5103302,0.5694987,0.30771884,0.78409,-0.39602154,-0.36231908,-0.3842067,0.7205829,0.7430526,0.77888346,0.5008687,0.67700434,0.79087925,0.44400182,0.8933559,0.9459593,0.7321356
2.0,-0.44721824,0.60523343,-0.47793996,0.5113692,0.5684751,0.30414054,0.7829675,-0.3955214,-0.36454788,-0.38161966,0.72262496,0.7438875,0.7797863,0.5030483,0.6791655,0.7959873,0.44609427,0.89551544,0.9481581,0.7331862
2.0,-0.44762468,0.60352176,-0.47440857,0.5111721,0.56627536,0.303181,0.7834689,-0.39209664,-0.3665536,-0.38213402,0.72360504,0.7450871,0.7819367,0.50600314,0.6813442,0.7971928,0.44849524,0.89618635,0.9500791,0.7347262
2.0,-0.4474157,0.60640407,-0.47412634,0.51234925,0.56574756,0.29924175,0.7813973,-0.3927958,-0.3682536,-0.37852407,0.7257111,0.74561936,0.78201336,0.50747865,0.68288976,0.8028185,0.45008186,0.89866966,0.9518849,0.7355198
2.0,-0.4470812,0.60512614,-0.4770473,0.5112747,0.5679715,0.30392683,0.7828246,-0.39485264,-0.364799,-0.3815163,0.7228608,0.7441075,0.78012305,0.5036195,0.6794584,0.79616696,0.44652218,0.8957156,0.9486078,0.73370224
2.0,-0.44723257,0.6038357,-0.4758336,0.51092327,0.56721807,0.3043506,0.783338,-0.39347997,-0.36516708,-0.38236198,0.7228075,0.74446416,0.7809022,0.5043971,0.6799548,0.79550314,0.4471309,0.8954645,0.9488953,0.7340594
2.0,-0.4469118,0.60297555,-0.47702816,0.5102509,0.5681068,0.3067312,0.7838451,-0.39430887,-0.36338186,-0.38377023,0.7213929,0.74377364,0.78000224,0.5025749,0.6782505,0.7921144,0.44548234,0.8940255,0.9472541,0.7332448
2.0,-0.44767296,0.60534275,-0.47421375,0.51203465,0.5659176,0.30045313,0.7823047,-0.39240396,-0.3679388,-0.3799274,0.7250599,0.7455045,0.78214926,0.50717896,0.6825781,0.8011097,0.44966766,0.8978636,0.9513864,0.7352312
2.0,-0.44770616,0.6035763,-0.47357693,0.51130426,0.5656315,0.30215645,0.78316027,-0.3914256,-0.36739025,-0.3816349,0.7242546,0.74550647,0.7825104,0.5070344,0.68219966,0.79859304,0.449405,0.8968175,0.950868,0.7351927
2.0,-0.4458128,0.6098335,-0.46333057,0.51427144,0.5558344,0.28024963,0.7698756,-0.3863255,-0.37897646,-0.36314198,0.7369454,0.75160843,0.7877853,0.5216527,0.6951164,0.8301885,0.4643828,0.91120434,0.9627478,0.7419732
2.0,-0.44582945,0.6003555,-0.48180673,0.5083133,0.57138735,0.31423733,0.7850337,-0.39769077,-0.35755232,-0.38795435,0.71679705,0.741334,0.7765637,0.49629852,0.6725121,0.7816659,0.43994787,0.8896565,0.94139886,0.7299863
2.0,-0.44741398,0.6038101,-0.47526485,0.5110618,0.56684226,0.30374444,0.78336924,-0.3929172,-0.3658017,-0.38221604,0.7231931,0.7447351,0.7813381,0.50512326,0.6805811,0.79637855,0.44771338,0.89582974,0.9494617,0.7343731
2.0,-0.447881,0.60482454,-0.47102058,0.51221323,0.5636752,0.29786053,0.7816131,-0.389691,-0.3703867,-0.3789325,0.72684604,0.7468376,0.78410333,0.5105073,0.6851891,0.8046429,0.4525243,0.8995668,0.9537796,0.7368494
2.0,-0.4478283,0.60617226,-0.46737707,0.51324475,0.5607598,0.29198232,0.7789269,-0.38725984,-0.3743357,-0.37497765,0.7304089,0.74870306,0.7861925,0.5152946,0.6892058,0.81295574,0.45695528,0.9034574,0.95755374,0.73905516
2.0,-0.44481343,0.5995475,-0.4801658,0.50741345,0.56993896,0.31413472,0.78369695,-0.39689496,-0.35704523,-0.38723654,0.71709615,0.74182874,0.77704835,0.49690893,0.67265004,0.7813875,0.44075185,0.88979334,0.94168293,0.73080426
2.0,-0.44733706,0.6028498,-0.47464594,0.5106098,0.5663823,0.30424616,0.78349465,-0.39223588,-0.36567208,-0.3827803,0.7230178,0.7449052,0.78170127,0.5053807,0.6806531,0.7955983,0.44791314,0.8955159,0.9494226,0.73453295
2.0,-0.44848764,0.6029755,-0.47022,0.5119488,0.563376,0.29920053,0.7830772,-0.38836992,-0.37065703,-0.3807827,0.72624075,0.74695444,0.78481525,0.51078737,0.68543744,0.80283624,0.45271116,0.8987379,0.95358807,0.7366728
2.0,-0.44751287,0.60590273,-0.4744098,0.5121303,0.5660293,0.3001256,0.78193015,-0.39276937,-0.36785614,-0.37943304,0.72519684,0.7454457,0.7819234,0.5070713,0.6824729,0.80154604,0.4495778,0.8980873,0.95145625,0.7352944
2.0,-0.44796702,0.60557294,-0.47195843,0.5125686,0.5643021,0.29775435,0.7816344,-0.3905584,-0.37024754,-0.37858185,0.7267692,0.7465573,0.78360295,0.5099061,0.6848749,0.8049172,0.4520655,0.89961016,0.95349634,0.73646337
2.0,-0.44510657,0.60063124,-0.48298758,0.50793636,0.5720837,0.31524262,0.78427994,-0.39910516,-0.35603422,-0.38788748,0.7161206,0.7407614,0.77545613,0.4947793,0.67106175,0.78009474,0.4387377,0.88916576,0.9401652,0.7293828
2.0,-0.44591594,0.6065593,-0.47847736,0.5109503,0.568647,0.30404696,0.78099066,-0.39716524,-0.3630299,-0.37990716,0.7226313,0.7435041,0.7786304,0.50187296,0.67790943,0.79579794,0.44536588,0.8957463,0.9476054,0.73327726
2.0,-0.44773299,0.60704106,-0.46964312,0.51336575,0.5624889,0.29372776,0.77957296,-0.38929307,-0.37269324,-0.37540245,0.7291914,0.7476882,0.7846991,0.51282686,0.68731135,0.81059045,0.4548568,0.90232444,0.95600694,0.7380017
2.0,-0.4474883,0.60615027,-0.47210068,0.5124761,0.5633992,0.29529634,0.7795663,-0.3911354,-0.3707273,-0.3762805,0.72801334,0.74717873,0.7839267,0.5108339,0.68600637,0.8084413,0.45336047,0.9009064,0.9541407,0.7365863
2.0,-0.44711402,0.6078074,-0.47390816,0.51279473,0.56458646,0.29537895,0.7789046,-0.3932429,-0.369662,-0.37509334,0.727702,0.7464876,0.78254426,0.5091693,0.68482745,0.8084698,0.45212224,0.9008921,0.95339006,0.73599184
2.0,-0.44792935,0.60574496,-0.47392836,0.5124236,0.56548786,0.29892287,0.7819169,-0.39213622,-0.36898267,-0.3790844,0.72587675,0.74591196,0.7826338,0.50819004,0.68364257,0.8033833,0.45061767,0.8987374,0.95220655,0.7354595
2.0,-0.44721463,0.60711026,-0.4698239,0.5130306,0.5613507,0.29123688,0.7773204,-0.38980326,-0.37307402,-0.37310028,0.7304181,0.74843055,0.78519285,0.51384026,0.68863153,0.8142395,0.4563503,0.90355235,0.9565321,0.73800904
2.0,-0.44670036,0.60796857,-0.47581872,0.5123085,0.56600523,0.2975825,0.7792005,-0.39497674,-0.36759496,-0.37608427,0.7262898,0.7455466,0.78116673,0.50680304,0.68269235,0.80521953,0.4499601,0.8995033,0.95168346,0.73507714
2.0,-0.44758207,0.60343075,-0.47317672,0.5111644,0.56533194,0.30203497,0.78296083,-0.39115077,-0.36742473,-0.3815336,0.72437555,0.7456374,0.78267777,0.5073002,0.68234175,0.79870504,0.4496337,0.89690715,0.95104444,0.7354169
2.0,-0.44821602,0.6072372,-0.4644505,0.5145998,0.5584548,0.2866694,0.7769653,-0.38504386,-0.37837672,-0.3716567,0.73353153,0.75029415,0.78801686,0.51959497,0.6930164,0.8207604,0.46099982,0.9070613,0.9607793,0.7405944
2.0,-0.44725996,0.60363454,-0.47504133,0.5109316,0.5666591,0.30386126,0.7832244,-0.39282876,-0.36567482,-0.38214713,0.7231758,0.7447737,0.7813717,0.5051124,0.68052775,0.7961524,0.44779292,0.89578146,0.9494048,0.7344218
2.0,-0.44774622,0.6035272,-0.47293854,0.51134276,0.5651158,0.30141482,0.78290135,-0.39090633,-0.3679589,-0.38127905,0.7247326,0.74583167,0.78295577,0.5078142,0.6828495,0.7996264,0.45009017,0.897268,0.95143884,0.7355488
2.0,-0.44605348,0.6006402,-0.4801668,0.50856704,0.57020223,0.3123433,0.78470516,-0.39642245,-0.35908574,-0.38701665,0.7180184,0.7421305,0.777735,0.4981968,0.67415243,0.78422123,0.44159788,0.89070326,0.94305205,0.73103094
1.0,-0.44467488,0.60097814,-0.4845202,0.50775576,0.57309175,0.31628174,0.7838848,-0.4006347,-0.354679,-0.38806814,0.7153679,0.74009025,0.77428,0.49317607,0.66964185,0.7786151,0.43738028,0.888647,0.9388801,0.7285747
1.0,-0.44811675,0.60695446,-0.46631116,0.5140593,0.560036,0.2897687,0.7783406,-0.38646463,-0.3761238,-0.3735547,0.7316883,0.7492619,0.78682315,0.51695466,0.6907291,0.8162547,0.4585025,0.90498865,0.95892125,0.73964757
1.0,-0.4465719,0.6023661,-0.47860038,0.50966203,0.56915796,0.30887938,0.7841365,-0.39549947,-0.36157882,-0.38492802,0.7200565,0.74302834,0.77893335,0.50063366,0.67650497,0.7891022,0.44376054,0.8927222,0.9455192,0.7322773
1.0,-0.4471276,0.6052989,-0.473342,0.51172495,0.5652405,0.30015787,0.7814887,-0.39210108,-0.36778286,-0.37923437,0.7253671,0.74572796,0.7822972,0.50751454,0.6826621,0.8013226,0.4501267,0.89813375,0.95163953,0.7357091
1.0,-0.44679388,0.60233426,-0.4788407,0.5098006,0.5693718,0.30900154,0.78447515,-0.39553547,-0.36169636,-0.3851822,0.7199513,0.74296016,0.7789086,0.5005433,0.67650515,0.7890066,0.4436519,0.8926309,0.9454389,0.7320938
1.0,-0.44737273,0.60720074,-0.45794278,0.5150044,0.5537467,0.28003794,0.77260035,-0.380625,-0.38296854,-0.36687827,0.73793995,0.75287026,0.7908373,0.5261532,0.6978724,0.83003104,0.46723083,0.91196066,0.9652599,0.74379194
1.0,-0.44678506,0.6037407,-0.47808653,0.51046526,0.56873584,0.30667576,0.78352386,-0.39546907,-0.36294127,-0.38324338,0.7212996,0.743445,0.779344,0.50176513,0.6777335,0.7922535,0.44492757,0.8940513,0.94677514,0.73276323
1.0,-0.44807678,0.60485035,-0.46889976,0.5126296,0.5622307,0.29573676,0.78102577,-0.3880043,-0.372311,-0.37786517,0.72824496,0.74772346,0.7853336,0.5128125,0.6870781,0.8076184,0.4545987,0.9010201,0.955507,0.73789406
1.0,-0.44692317,0.6049831,-0.47424716,0.51135695,0.5659095,0.30160478,0.7817972,-0.3928309,-0.36660135,-0.38001305,0.72448903,0.7452462,0.781649,0.5062431,0.68152535,0.7992452,0.44899532,0.8972278,0.95059925,0.73516995
1.0,-0.44753486,0.6032944,-0.47336388,0.51108044,0.56548005,0.30245268,0.7830731,-0.39130846,-0.36712766,-0.38173246,0.7241366,0.74551415,0.7825229,0.5069593,0.68205464,0.7981178,0.44936994,0.8966553,0.9507534,0.7352612
1.0,-0.44653767,0.6011335,-0.47774234,0.50918305,0.56857884,0.3095926,0.7844577,-0.394503,-0.36151788,-0.3856947,0.7197852,0.74323565,0.77940935,0.5009764,0.6766138,0.78803015,0.4440322,0.8923109,0.94549614,0.73248196
1.0,-0.44662404,0.60307336,-0.4787371,0.5100034,0.5692558,0.3082111,0.7839165,-0.39579982,-0.36189282,-0.3843288,0.72039104,0.7430414,0.7788587,0.50074863,0.6767093,0.7900589,0.44391525,0.89313054,0.94579804,0.732322
1.0,-0.44778544,0.604597,-0.4730025,0.51186216,0.5651784,0.30031705,0.78249806,-0.39119714,-0.3685074,-0.38031113,0.72529006,0.745892,0.7828701,0.5081344,0.6832205,0.8012182,0.45039955,0.89798486,0.9519561,0.7357352
1.0,-0.44721854,0.6043385,-0.47201592,0.51139414,0.563763,0.2984937,0.7807786,-0.3907687,-0.3689639,-0.3787449,0.72642744,0.74666464,0.78363794,0.50948524,0.68439394,0.8036821,0.45190176,0.89896417,0.9527396,0.73632395
1.0,-0.4465814,0.6055677,-0.4692673,0.51183695,0.56052595,0.29203117,0.7767532,-0.38938946,-0.37210837,-0.37366495,0.73013246,0.7486958,0.78559685,0.5138511,0.6884121,0.8128029,0.45649204,0.9028862,0.9560395,0.73809016
1.0,-0.44817036,0.60584766,-0.47043195,0.5130198,0.5631225,0.2955281,0.7809469,-0.38933647,-0.37203032,-0.37738323,0.7281304,0.7473491,0.7846309,0.5119498,0.68663436,0.80808514,0.45390877,0.9010506,0.9550513,0.7372975
1.0,-0.44655475,0.60181785,-0.4809081,0.50933504,0.5707636,0.3112827,0.78487164,-0.39706838,-0.3598023,-0.3864372,0.7184727,0.74205875,0.77759624,0.49829003,0.6745712,0.78589875,0.4416671,0.89126766,0.94344306,0.73081756
1.0,-0.44741666,0.6048807,-0.4769652,0.5114222,0.5679054,0.30375227,0.78319925,-0.39452952,-0.36525857,-0.38175887,0.7229564,0.7442308,0.7804154,0.5039574,0.67985874,0.7965096,0.4467961,0.89577174,0.948793,0.7336456
1.0,-0.44676715,0.6032063,-0.4784275,0.5101663,0.56907356,0.3077542,0.7839577,-0.39550906,-0.36233908,-0.38416186,0.7206659,0.74319667,0.7791064,0.50119007,0.6771148,0.79072165,0.4442706,0.89340115,0.9461969,0.7325238
1.0,-0.44698238,0.6031381,-0.4757651,0.5104441,0.5671888,0.30535057,0.78343594,-0.39336467,-0.3644849,-0.38300195,0.7222898,0.74434566,0.78079003,0.5039639,0.67940265,0.7939773,0.44673067,0.8948776,0.94839394,0.7339758
1.0,-0.4478886,0.60464215,-0.47299892,0.5119524,0.5650859,0.29992208,0.7824301,-0.39114845,-0.36878824,-0.38014424,0.72549564,0.7460009,0.7830126,0.50839525,0.68351966,0.8018248,0.45064336,0.89818937,0.9521363,0.73574436
1.0,-0.4475345,0.60386735,-0.47419006,0.5112332,0.566038,0.30248475,0.7830377,-0.39204127,-0.3668385,-0.38161096,0.72399753,0.74525696,0.7820682,0.5064199,0.68166935,0.79812586,0.44884476,0.8966052,0.9504713,0.7349847
1.0,-0.4475047,0.60419536,-0.47506323,0.5112958,0.5666089,0.30282575,0.7830811,-0.3928139,-0.36636811,-0.38163495,0.7237018,0.74495196,0.7815736,0.5056866,0.68114364,0.79770774,0.44822818,0.8963652,0.94997054,0.73457754
1.0,-0.44661617,0.60276484,-0.47485307,0.5101361,0.5663856,0.304975,0.78280413,-0.3928777,-0.36454046,-0.382474,0.7226436,0.7446811,0.7811749,0.5045022,0.67976993,0.79437166,0.447401,0.8951284,0.948703,0.73437786
1.0,-0.44566846,0.6014749,-0.48201364,0.5085485,0.5714276,0.31309363,0.7842945,-0.3982721,-0.357755,-0.38695195,0.7173761,0.74140596,0.7764479,0.49650759,0.67274356,0.7831758,0.44012827,0.8902877,0.9418494,0.73021406
1.0,-0.44692618,0.6037324,-0.47537315,0.510718,0.5668328,0.30424714,0.7829004,-0.39331883,-0.36503845,-0.3820325,0.72294056,0.74458915,0.7809943,0.5045516,0.6799854,0.7955311,0.4473707,0.89556473,0.94899064,0.73429227
1.0,-0.44711596,0.6047102,-0.47559905,0.5112514,0.5669769,0.3031571,0.78266567,-0.3936327,-0.36566624,-0.38122994,0.72347254,0.7446495,0.78096056,0.5048809,0.6804279,0.7971614,0.4476616,0.8962245,0.9494882,0.7343737
1.0,-0.4466523,0.6032173,-0.47882247,0.5100846,0.56930983,0.3080879,0.78389174,-0.39590293,-0.36194524,-0.38421124,0.7204466,0.74302906,0.7788238,0.5007364,0.6767413,0.79025584,0.44392335,0.8932022,0.9458249,0.732294
1.0,-0.44752592,0.60336936,-0.47248286,0.5112041,0.5648824,0.30166724,0.7827875,-0.39068544,-0.36776873,-0.38123792,0.7246655,0.7458544,0.7829776,0.5077939,0.68272287,0.7991703,0.45014757,0.8971891,0.95143116,0.73572206
1.0,-0.44777247,0.60571074,-0.4735585,0.51231676,0.5654273,0.29927757,0.78195906,-0.39191657,-0.36879495,-0.3792416,0.7257512,0.74585944,0.7825872,0.5081358,0.68341047,0.80278283,0.45049205,0.8986085,0.9522067,0.7356806
1.0,-0.4464741,0.6032188,-0.4764478,0.51012135,0.5674846,0.3059342,0.78289706,-0.39428014,-0.36346292,-0.38274965,0.7219288,0.74404776,0.7801745,0.5030018,0.6785684,0.79308176,0.44608685,0.89452684,0.94761455,0.7336111
1.0,-0.44702625,0.6037009,-0.47868752,0.5105392,0.5691531,0.30693653,0.78389055,-0.39573348,-0.36287808,-0.38366944,0.7210652,0.7432894,0.7791907,0.5014686,0.6775698,0.7919891,0.4445757,0.893833,0.9465169,0.73244685
1.0,-0.44518083,0.59977144,-0.48194462,0.50765985,0.57132065,0.31519926,0.7844809,-0.39797658,-0.35646573,-0.38818434,0.7162791,0.74116,0.77617,0.4956091,0.67165965,0.7801199,0.43941906,0.88915193,0.9406242,0.7298277
1.0,-0.44778603,0.607221,-0.47077852,0.51342034,0.563027,0.29393154,0.7795917,-0.39024696,-0.37225294,-0.37526205,0.72893304,0.7474343,0.78426653,0.51203895,0.6869429,0.81046146,0.45436242,0.90207195,0.9554053,0.7373771
1.0,-0.44720954,0.6044669,-0.476018,0.511179,0.56727386,0.3036834,0.78298527,-0.39383027,-0.36538416,-0.3816887,0.72313935,0.7444865,0.7808012,0.5044823,0.6801305,0.79647666,0.44728276,0.89586836,0.9491062,0.7340841
1.0,-0.44595882,0.6015149,-0.47808793,0.5089705,0.56869936,0.30977216,0.78369766,-0.39527434,-0.36071706,-0.3851313,0.7196712,0.74303514,0.7788818,0.50031286,0.6759748,0.78763676,0.44362676,0.892258,0.94504714,0.7323828
1.0,-0.44787648,0.6043805,-0.4705023,0.512081,0.5634028,0.29812223,0.7817715,-0.38922036,-0.37043828,-0.3792136,0.72678596,0.74693096,0.78432816,0.5106991,0.68526965,0.804219,0.452707,0.8994473,0.95384115,0.7369869
1.0,-0.44732678,0.6027879,-0.4736964,0.5106875,0.5657488,0.3036119,0.7832848,-0.3915445,-0.3662689,-0.38238877,0.7234808,0.7452432,0.78218627,0.506181,0.68128663,0.7964259,0.44868216,0.8959562,0.9500513,0.7349874
1.0,-0.44369212,0.5959832,-0.48503986,0.50537324,0.57313323,0.3220625,0.78478044,-0.39964086,-0.35138765,-0.39202997,0.71218264,0.7393866,0.77346337,0.4908906,0.6667913,0.77055216,0.43521184,0.8855439,0.9353792,0.7272287
1.0,-0.4463694,0.6005513,-0.47692484,0.50885457,0.56792647,0.30952635,0.78423846,-0.39383212,-0.3616156,-0.3856865,0.71993405,0.74352425,0.77983874,0.5015036,0.6769337,0.78802824,0.44452634,0.89235526,0.9457725,0.7328442
1.0,-0.44763878,0.6048918,-0.47207156,0.5120239,0.5644602,0.29917592,0.78184503,-0.39069936,-0.36920562,-0.37933764,0.7260324,0.74628747,0.7832953,0.50905246,0.68397605,0.8027619,0.4513544,0.8987543,0.95271367,0.73625267
1.0,-0.4471379,0.6064416,-0.47698507,0.51188064,0.5673758,0.30109158,0.78146607,-0.39520156,-0.36609155,-0.37924418,0.724334,0.7446733,0.7805278,0.50485903,0.68092144,0.80031645,0.44791168,0.8973265,0.94983476,0.7340293
1.0,-0.4468652,0.6026666,-0.47693127,0.5100415,0.5678478,0.30652076,0.78363055,-0.3941859,-0.3634064,-0.38370556,0.72153443,0.7439325,0.780209,0.5028245,0.67847973,0.7924254,0.44571853,0.89407736,0.94731796,0.7332922
1.0,-0.44553852,0.6000566,-0.48224926,0.5079558,0.5716229,0.31497467,0.7848653,-0.3980437,-0.35682195,-0.38831866,0.71634287,0.74111676,0.77618176,0.49568623,0.67184126,0.78055537,0.4393745,0.8892428,0.94077736,0.72973007
1.0,-0.4479688,0.60632396,-0.47071326,0.5130541,0.56316155,0.29508862,0.78042954,-0.38977522,-0.37190577,-0.37674287,0.7283191,0.7473345,0.784431,0.5118545,0.6866013,0.80872136,0.45389542,0.9013014,0.95507777,0.7373066
1.0,-0.44765037,0.6066866,-0.47351635,0.5126878,0.56523186,0.2979164,0.78113866,-0.39221722,-0.36932594,-0.3779076,0.72646403,0.7460383,0.7825702,0.5085965,0.68390757,0.8047377,0.4510338,0.89947367,0.9527805,0.73592025
1.0,-0.44766733,0.6043565,-0.47434303,0.5115707,0.5661599,0.30200568,0.7830107,-0.39223316,-0.36716726,-0.3812176,0.7242284,0.7452545,0.7820201,0.5065083,0.6818675,0.79887456,0.44897136,0.8969079,0.9506577,0.734951
1.0,-0.4472962,0.6048797,-0.47501397,0.51148856,0.5665777,0.30229998,0.7825837,-0.39311144,-0.366435,-0.3808586,0.7239935,0.7449508,0.78139913,0.505701,0.6811533,0.7983944,0.4483486,0.8967534,0.9501681,0.7347302
1.0,-0.44806677,0.60680753,-0.46265733,0.51450396,0.55743766,0.28604355,0.77656007,-0.38369635,-0.37913156,-0.37141532,0.7341405,0.7507761,0.7887157,0.5208867,0.6937815,0.82148796,0.46209073,0.90765923,0.96164274,0.7414052
1.0,-0.44641963,0.60563564,-0.4778493,0.5109608,0.5684649,0.30455464,0.78207517,-0.39607504,-0.36350906,-0.38106275,0.722444,0.7436579,0.77921003,0.5024,0.67832905,0.79519314,0.44559225,0.8954156,0.94780815,0.7334254
1.0,-0.44828105,0.60532135,-0.4675675,0.5132134,0.561272,0.293641,0.7803993,-0.38700417,-0.37400413,-0.37662676,0.7295155,0.7483806,0.78615177,0.51459676,0.68864214,0.8106349,0.45625165,0.90243137,0.95690304,0.7385951
2.0,-0.44757897,0.60438037,-0.4738169,0.5115639,0.5658016,0.30163863,0.78277224,-0.391895,-0.36741623,-0.38093197,0.72449464,0.7454342,0.7822416,0.5069303,0.6821579,0.7993297,0.44936082,0.8971704,0.9509999,0.7352473
2.0,-0.4469921,0.60256124,-0.4775595,0.5100626,0.5684037,0.30731893,0.7841218,-0.39453003,-0.3630144,-0.3843245,0.7210137,0.743618,0.7798437,0.5021524,0.6779244,0.79135936,0.44506386,0.89360535,0.94677746,0.73288834
2.0,-0.44635177,0.60318613,-0.47776663,0.5099237,0.56853294,0.30747685,0.7833166,-0.39528495,-0.36222953,-0.3836283,0.72091836,0.7433872,0.77924985,0.50147784,0.67721564,0.790945,0.44463745,0.8936208,0.946427,0.7329107
2.0,-0.4475144,0.6037687,-0.47451296,0.51116216,0.5662787,0.30293998,0.7831913,-0.39227644,-0.3665175,-0.38187048,0.7237174,0.74509746,0.7818636,0.50601256,0.68132704,0.79749066,0.4484943,0.8963213,0.9501302,0.7347734
2.0,-0.44720924,0.6061092,-0.47524437,0.5119536,0.5665564,0.30082995,0.78174525,-0.39369518,-0.36692995,-0.3793965,0.72473323,0.7450623,0.78126246,0.5060246,0.68160594,0.8005411,0.448776,0.897657,0.9507049,0.7348813
2.0,-0.44816294,0.6060385,-0.4685066,0.51335514,0.5615612,0.29292083,0.7797782,-0.38793814,-0.37386,-0.37574643,0.72975826,0.74830574,0.7857994,0.51431775,0.6886385,0.81179833,0.4561209,0.9027575,0.95678586,0.73833865
2.0,-0.44737136,0.60869575,-0.46883246,0.51406455,0.5609451,0.28899717,0.7765819,-0.3893178,-0.3747349,-0.37118492,0.73170024,0.7487665,0.7853834,0.51520437,0.6897874,0.81760246,0.45755228,0.90524995,0.9580076,0.7388127
2.0,-0.44751424,0.60681045,-0.46307856,0.5141524,0.55623597,0.28325146,0.7740273,-0.3843372,-0.3795693,-0.3688267,0.73542887,0.7515863,0.78920376,0.52193755,0.6952662,0.8256245,0.46376458,0.90902764,0.9620757,0.7412383
2.0,-0.44738916,0.608602,-0.4654933,0.5144762,0.5588272,0.2861909,0.7754744,-0.3866533,-0.37731108,-0.36977106,0.7336469,0.7499807,0.78700125,0.5185645,0.69221956,0.8214842,0.46040502,0.9073514,0.9603915,0.740513
2.0,-0.447971,0.60366154,-0.4725346,0.5116602,0.5647698,0.3005004,0.7828113,-0.3905982,-0.36869234,-0.38073075,0.72528505,0.74610066,0.7833423,0.5085035,0.6836344,0.8010747,0.45081088,0.89781755,0.95197445,0.73571277
2.0,-0.44713962,0.602466,-0.47786456,0.51009864,0.56861657,0.3075177,0.78435534,-0.3946323,-0.36300766,-0.38460788,0.72085917,0.74353933,0.77977484,0.5019869,0.677823,0.7911107,0.4448913,0.8934607,0.94661194,0.73267674
2.0,-0.44777635,0.60396767,-0.47321582,0.5115316,0.5653332,0.30120578,0.7828515,-0.39118946,-0.36800408,-0.38106385,0.7247945,0.74575114,0.7827871,0.5077055,0.6827985,0.79994476,0.44997093,0.89740056,0.95147187,0.7355042
2.0,-0.44874752,0.6056374,-0.46485502,0.51411563,0.55907273,0.28922072,0.7789425,-0.38472337,-0.37754732,-0.3744143,0.7321554,0.74989676,0.78809124,0.5186084,0.6921353,0.8170598,0.45986074,0.90533715,0.9597428,0.73996145
2.0,-0.44718626,0.603319,-0.47469684,0.5107396,0.56643766,0.30401564,0.7832122,-0.39250758,-0.36562353,-0.38233185,0.72313684,0.74485457,0.78152156,0.50527036,0.6805582,0.7958784,0.44788688,0.8957008,0.94946706,0.7345856
2.0,-0.44738176,0.60440266,-0.47600862,0.5112033,0.5671314,0.30319783,0.7829582,-0.3936506,-0.36575568,-0.3816782,0.723376,0.74466693,0.78107077,0.5049159,0.68055564,0.7971997,0.4475833,0.89607644,0.9493914,0.7341414
2.0,-0.4468663,0.60427403,-0.4707593,0.511311,0.56334114,0.29900667,0.7807462,-0.3900665,-0.3688556,-0.37873167,0.7263429,0.74668205,0.78367436,0.50959164,0.6841239,0.8026883,0.45204136,0.89892364,0.9529692,0.73689514
2.0,-0.44703865,0.6024493,-0.475493,0.5101998,0.5669832,0.3057523,0.7836878,-0.39295095,-0.36442617,-0.38347912,0.7221202,0.7444236,0.7810178,0.5040741,0.67946196,0.7934367,0.44680858,0.8946123,0.9483023,0.7339779
2.0,-0.44642985,0.60107344,-0.4778213,0.5090753,0.5685791,0.309691,0.78432745,-0.3946156,-0.3613348,-0.38567132,0.719732,0.74320996,0.779337,0.5008543,0.6764878,0.7878688,0.44395068,0.89224637,0.9453658,0.7324396
2.0,-0.44753295,0.6049712,-0.4731544,0.5118395,0.5652808,0.3003178,0.78216153,-0.3915552,-0.36820596,-0.37995714,0.7252745,0.7457864,0.78259295,0.5078492,0.6829236,0.8011482,0.45019734,0.8980225,0.9518435,0.7357554
2.0,-0.44762754,0.6046198,-0.47268695,0.5118087,0.5649804,0.30024734,0.7822904,-0.39107853,-0.36847734,-0.3800922,0.7253786,0.74594903,0.7829067,0.5082306,0.6832406,0.80125767,0.45053893,0.8980731,0.9520523,0.7358994
2.0,-0.44745374,0.6049549,-0.4736759,0.51175123,0.5656337,0.30086088,0.7822595,-0.39202216,-0.3676976,-0.38014573,0.72492784,0.74555176,0.78225005,0.5072244,0.68243134,0.800404,0.44969612,0.8976738,0.95135826,0.7354528
2.0,-0.44757524,0.6045519,-0.4742558,0.5115907,0.5660751,0.30175513,0.7827788,-0.39226636,-0.36721608,-0.3809411,0.72437286,0.745299,0.7820172,0.5066107,0.68193007,0.79919463,0.4490751,0.8970748,0.950785,0.7350617
2.0,-0.44719237,0.60506785,-0.4736077,0.5116329,0.56551737,0.30079347,0.78186435,-0.39218378,-0.36746976,-0.37978956,0.724988,0.7455559,0.7821458,0.50712943,0.68230706,0.8004336,0.44970834,0.8977375,0.9513094,0.7355235
2.0,-0.44739848,0.6051662,-0.47574824,0.5116585,0.56705713,0.302441,0.7827143,-0.39373088,-0.36622328,-0.3808201,0.7238236,0.7447235,0.78104854,0.505178,0.6808791,0.7983236,0.4479495,0.89663565,0.9498251,0.7343468
2.0,-0.44647384,0.60391605,-0.4793515,0.5102258,0.5695623,0.3076848,0.7833805,-0.3966592,-0.36175513,-0.38353348,0.7206002,0.74290323,0.7784528,0.5004058,0.676553,0.7908238,0.44375038,0.8934441,0.94572306,0.73214877
2.0,-0.4480617,0.6060048,-0.47119975,0.5129333,0.56342447,0.29560304,0.7807313,-0.39003927,-0.37157252,-0.3771915,0.7279824,0.74719626,0.7843109,0.511422,0.6863378,0.8080489,0.4535431,0.90090084,0.9546541,0.7369561
2.0,-0.44785511,0.60581094,-0.47164103,0.5126149,0.5638521,0.29674345,0.7809838,-0.39043546,-0.37067568,-0.3777984,0.72734064,0.7468515,0.78386843,0.51054144,0.6854569,0.80634856,0.45270196,0.9002043,0.9539839,0.7367307
2.0,-0.44796327,0.6054411,-0.4714538,0.5125418,0.56396127,0.297465,0.7815288,-0.39012906,-0.37054658,-0.37850606,0.726988,0.7467452,0.7838828,0.5103729,0.6852007,0.8052807,0.4524488,0.8998125,0.9538182,0.73671764
2.0,-0.4481209,0.6059782,-0.4693886,0.51316434,0.56219685,0.29393965,0.78015536,-0.38859797,-0.37304342,-0.37636358,0.7291002,0.74792147,0.7853031,0.5133236,0.6878023,0.8103356,0.45519367,0.90206,0.95605314,0.73789734
2.0,-0.44442785,0.60489094,-0.44219548,0.5146385,0.5410304,0.2608782,0.7574086,-0.3700476,-0.39435238,-0.3527748,0.74990106,0.75999326,0.79783773,0.5437345,0.7114165,0.8578562,0.48465255,0.925764,0.9758012,0.7508696
2.0,-0.44712123,0.6056442,-0.47730657,0.51150954,0.56798124,0.30314055,0.7824528,-0.39521068,-0.3650779,-0.38081878,0.7232384,0.7441823,0.78009826,0.50378,0.6797727,0.7973685,0.4467666,0.89614975,0.9488392,0.7336674
2.0,-0.4471854,0.60373795,-0.47603193,0.5107913,0.5673406,0.30461523,0.78336173,-0.39359018,-0.36493096,-0.38258508,0.722634,0.74438775,0.7807951,0.50420064,0.67973554,0.7951041,0.44689488,0.895286,0.94871265,0.7339832
2.0,-0.44719836,0.6033229,-0.47558233,0.5106656,0.5670816,0.30480152,0.78350914,-0.3931409,-0.364994,-0.38282654,0.7225968,0.74448967,0.78102314,0.50441825,0.6798613,0.79482484,0.44707686,0.89519405,0.94879997,0.7341255
2.0,-0.44750684,0.604026,-0.47487262,0.5112574,0.5665562,0.30304566,0.7832156,-0.39263618,-0.366338,-0.3818037,0.7236137,0.7449463,0.78161556,0.505683,0.6811008,0.79738384,0.44822353,0.89626366,0.9499496,0.73462135
2.0,-0.44692153,0.6025576,-0.4754822,0.51016295,0.5669905,0.30578825,0.7835537,-0.39303097,-0.3642952,-0.38339013,0.7220988,0.74439186,0.7809287,0.50398666,0.6793378,0.793336,0.44673458,0.8946142,0.9482753,0.73402387
2.0,-0.44705257,0.6029091,-0.47566798,0.51039654,0.5671404,0.30548188,0.7835949,-0.39318705,-0.3645199,-0.38321176,0.7222316,0.7443717,0.7808857,0.5040294,0.67945457,0.79381657,0.44676182,0.89479166,0.9483928,0.7339795
2.0,-0.44772106,0.60451555,-0.47260672,0.5118165,0.56489295,0.30009916,0.78234035,-0.39092165,-0.3686608,-0.38015243,0.72546387,0.74603087,0.7830547,0.50844336,0.68343717,0.80149084,0.4506896,0.8981388,0.95217395,0.73593557
2.0,-0.4484172,0.6064136,-0.46992335,0.51362395,0.5624534,0.29335734,0.78021115,-0.38902265,-0.37345245,-0.3758749,0.72932094,0.7478969,0.7852083,0.5132884,0.68810666,0.81139433,0.45533988,0.9023848,0.9560945,0.73757124
2.0,-0.44795126,0.6060722,-0.47086155,0.5128906,0.5634061,0.29588395,0.78079593,-0.38982219,-0.37149483,-0.37734646,0.7278875,0.7471452,0.78425807,0.5114078,0.6861194,0.8075259,0.45342675,0.9008266,0.9547127,0.7371753
2.0,-0.4474332,0.6040157,-0.47435877,0.51125765,0.5661974,0.30270758,0.7830107,-0.39229745,-0.36659747,-0.38153931,0.72386485,0.7451262,0.78184605,0.5060889,0.681391,0.7977962,0.4486201,0.8965038,0.9502658,0.73488253
2.0,-0.44731304,0.60854286,-0.46439487,0.51462406,0.55805236,0.28504303,0.7747527,-0.3860327,-0.37805137,-0.36871576,0.7344371,0.7503843,0.78744155,0.51954496,0.69311607,0.82325333,0.46152148,0.9082156,0.96108603,0.7409656
2.0,-0.44283557,0.59343576,-0.48066428,0.50397986,0.5694192,0.3209487,0.78348,-0.39638704,-0.3522176,-0.39091662,0.7133887,0.74108195,0.7759022,0.49378797,0.66896355,0.771711,0.4382758,0.88608646,0.9372428,0.7292558
2.0,-0.4477521,0.60454196,-0.4734649,0.511756,0.56540984,0.30058742,0.7825137,-0.39154714,-0.36818117,-0.38045672,0.7250871,0.7457666,0.7826767,0.5077659,0.68294895,0.8008593,0.45008135,0.89776456,0.9516344,0.7354999
2.0,-0.44529575,0.59878457,-0.4827605,0.5073224,0.5719143,0.316774,0.7851921,-0.3981221,-0.35569596,-0.38948876,0.7153174,0.74077004,0.775747,0.4947029,0.670819,0.77807796,0.438493,0.88824344,0.9395777,0.7291554
2.0,-0.4477368,0.6057055,-0.4737304,0.51228124,0.56553686,0.29945454,0.7819709,-0.39207917,-0.36862826,-0.37929028,0.72564024,0.7457844,0.78247166,0.50792575,0.6832401,0.80253017,0.45033357,0.8984962,0.95204127,0.7355776
2.0,-0.44749057,0.6048441,-0.4740735,0.5116965,0.5658858,0.30123052,0.7824319,-0.3922788,-0.36743978,-0.38041323,0.7246824,0.7454123,0.7820819,0.50686085,0.6821648,0.79991406,0.4493792,0.897413,0.95103633,0.7352059
2.0,-0.447714,0.6052203,-0.4732515,0.5121044,0.56527996,0.29977536,0.7821385,-0.39161992,-0.36861438,-0.37962598,0.72554904,0.74586684,0.78268576,0.5080859,0.6832812,0.80202234,0.4504659,0.8983278,0.9520556,0.73570746
2.0,-0.44708794,0.60453445,-0.47181976,0.51151323,0.5641066,0.29951122,0.7812257,-0.39080518,-0.3685298,-0.37907726,0.7259302,0.7463184,0.7832062,0.50879806,0.6836276,0.8021198,0.45132342,0.8985541,0.9524079,0.7363353
2.0,-0.4460488,0.60015726,-0.47607395,0.5085753,0.5671978,0.3092908,0.78373784,-0.39335793,-0.36164343,-0.38529152,0.72019154,0.74381703,0.78019345,0.50195247,0.67723453,0.7882258,0.44510505,0.89252186,0.9460341,0.73320067
2.0,-0.44754258,0.60736525,-0.47283995,0.5130111,0.5646022,0.29628733,0.7802506,-0.39196858,-0.3701823,-0.37649012,0.72740966,0.74644154,0.7829064,0.5095874,0.68481964,0.8070847,0.4520583,0.90053403,0.9536804,0.7364241
2.0,-0.44605243,0.60048926,-0.47463053,0.5088035,0.5661292,0.30759853,0.7831223,-0.3924345,-0.36281085,-0.38417742,0.72128856,0.74446785,0.7810476,0.5034818,0.6785518,0.7905177,0.4465514,0.8935552,0.94736147,0.73406386
2.0,-0.44753495,0.60444057,-0.47322747,0.51162755,0.56535006,0.3010102,0.78246504,-0.39151478,-0.3678521,-0.38047528,0.7249131,0.74568886,0.7825566,0.50752074,0.68264496,0.800182,0.44994396,0.89758193,0.95146173,0.7355617
2.0,-0.44703597,0.60157084,-0.47438616,0.50989753,0.56619096,0.30572402,0.783723,-0.39191043,-0.36476552,-0.38371038,0.7222836,0.7447991,0.7816729,0.5048455,0.6800077,0.79341984,0.44750625,0.89464253,0.9487092,0.7343874
2.0,-0.44909284,0.6015423,-0.46995363,0.51176906,0.5632743,0.30009234,0.78421384,-0.38756534,-0.37090027,-0.38216665,0.72579795,0.74701923,0.7853295,0.5109571,0.68571794,0.801787,0.4528206,0.8981343,0.9533848,0.73636556
