label,mu_1,mu_2,mu_3,mu_4,mu_5,mu_6,mu_7,mu_8,mu_9,mu_10,mu_11,mu_12,mu_13,var_1,var_2,var_3,var_4,var_5,var_6,var_7,var_8,var_9,var_10,var_11,var_12,var_13
0.0,0.007118672,-0.012795633,0.001990974,0.0066426843,-0.0090261325,0.0025225729,-0.0080068465,-0.008125976,-0.008375195,-0.00584298,-0.01143194,0.017332261,-0.011988386,0.9926855,0.9978405,1.0055418,1.002705,0.9932588,0.9936867,0.9959636,0.9901185,0.99845266,1.0004497,0.99485403,0.99816394,0.993384
0.0,0.012825668,-0.027106212,0.010960206,0.015747085,-0.024183668,-0.002404146,-0.008629708,-0.018361442,-0.016270487,-0.008538895,-0.007517986,0.016722005,-0.002898911,0.99290824,1.0001593,1.0139935,1.0049119,0.9931597,0.9876997,0.9955342,0.99054897,0.99708045,1.0043257,0.99614125,1.003233,0.99571484
1.0,0.0050001517,-0.008779665,0.0021160394,0.006079741,-0.006467864,0.0028802976,-0.0061184987,-0.006661676,-0.0063323257,-0.005851972,-0.008884452,0.01518062,-0.012097175,0.99450296,0.9984159,1.004385,1.0016087,0.9927366,0.9941252,0.99691105,0.9913526,0.9969789,1.0001755,0.9950752,0.997986,0.99351233
1.0,0.012189396,-0.032311328,0.012381323,0.021302782,-0.028266802,0.010225236,-0.014204398,-0.020666435,-0.021530682,-0.008359685,-0.021521803,0.030286986,-0.019780656,0.9903223,0.9856898,1.009324,1.0113164,0.9976952,0.993082,0.99158704,0.9888032,1.0016118,1.0048051,1.0000179,1.0010195,0.9983257
0.0,0.010076806,-0.02201329,0.0054647177,0.010774851,-0.016783841,0.0031100065,-0.010422327,-0.013148077,-0.013995535,-0.0059090685,-0.015252281,0.02216522,-0.0150396805,0.99159676,0.9952227,1.0076907,1.005528,0.9945257,0.9932803,0.9945051,0.98814803,1.0002916,1.0013952,0.9951334,0.9996873,0.99455506
0.0,0.015551157,-0.036668733,0.014664516,0.021958262,-0.032857284,0.0021790788,-0.011927241,-0.024042651,-0.023046125,-0.009552495,-0.012723882,0.023807954,-0.0077191507,0.9909953,0.99330455,1.014174,1.0088364,0.995725,0.9874716,0.9934464,0.9896965,0.9991787,1.0059942,0.99807876,1.0042579,0.9973134
1.0,0.0111023635,-0.026798269,0.012027264,0.026464492,-0.026734896,0.02201078,-0.018768119,-0.019485116,-0.021399472,-0.011986622,-0.030370936,0.03617628,-0.026163377,0.9882562,0.97543037,1.006321,1.0157495,1.0000267,0.9965152,0.98907113,0.990934,1.0029259,1.0066979,1.0062929,0.9971946,1.000676
1.0,-0.0048484653,0.012579774,-0.0038590282,0.00041598827,0.009443611,0.008498866,-0.00045487657,0.003636375,0.0049134754,-0.0059965746,-0.0035983697,0.009488343,-0.013195786,0.99748105,0.99631697,0.9953069,0.99778265,0.99194604,0.9969718,0.99870783,0.9976726,0.99259835,0.99887174,0.99752116,0.9939569,0.99301296
0.0,0.0047832653,-0.009313354,0.0012486875,0.0053583533,-0.006127946,0.003914647,-0.0069662444,-0.006253697,-0.006935711,-0.005139311,-0.0115139745,0.01758289,-0.01612512,0.9939122,0.9966528,1.0028946,1.0022359,0.9933516,0.9954404,0.996359,0.9902968,0.99839133,0.9996194,0.9946279,0.9974407,0.993639
0.0,0.010927752,-0.025377328,0.008168042,0.013295367,-0.020588137,0.002247125,-0.01020002,-0.015713088,-0.015886134,-0.0064958874,-0.014049098,0.02218495,-0.013717474,0.99212855,0.9952064,1.0093743,1.0060344,0.9945875,0.99213237,0.9945118,0.9884156,0.99983144,1.0023823,0.9955066,1.0010343,0.99552655
1.0,-0.005301282,0.014682376,-0.0023231134,0.0023454726,0.009563029,0.008022677,0.00091576576,0.0034702197,0.007058613,-0.0070575876,0.0006798953,0.005187027,-0.005399812,0.9984431,0.99891406,0.9981984,0.99734676,0.99100274,0.99475753,0.9993032,1.0005723,0.98950493,1.0000558,0.9997419,0.9943954,0.99314046
1.0,0.014411062,-0.032085434,0.0110183135,0.017675996,-0.027599685,0.0009705797,-0.011708047,-0.020401366,-0.019625774,-0.00859812,-0.013478465,0.022693846,-0.0078864,0.9905734,0.99530655,1.0130619,1.0074472,0.9949386,0.98891354,0.99374926,0.9889758,0.99961203,1.0046538,0.9967982,1.0026459,0.9960288
0.0,0.0071700364,-0.015584337,0.0028975084,0.007492386,-0.010908961,0.0041162074,-0.00893463,-0.00933063,-0.010614712,-0.004991593,-0.014565345,0.020846074,-0.017932191,0.9927272,0.9953477,1.0045035,1.0041347,0.9942046,0.99514586,0.9952951,0.98860395,0.9999294,1.0000122,0.9945497,0.99833775,0.9940056
0.0,0.0047324374,-0.009357018,0.0025873259,0.006370336,-0.0071137995,0.002676256,-0.006142944,-0.006860338,-0.0067206286,-0.005698735,-0.009286828,0.015957195,-0.013669167,0.99462837,0.9977323,1.0040973,1.001834,0.9929146,0.9946202,0.99685204,0.9911073,0.99739295,1.0002432,0.9949235,0.99802613,0.99431455
1.0,0.009953052,-0.021912934,0.0035533682,0.010348283,-0.015886396,0.006588746,-0.012737606,-0.012101248,-0.014606672,-0.005341216,-0.020796292,0.026455946,-0.020631261,0.98965365,0.99149305,1.0056413,1.0073841,0.9958501,0.9953396,0.9930799,0.98714554,1.0023983,1.0008941,0.99584156,0.99812037,0.9948577
1.0,0.009575568,-0.0215421,0.00492613,0.010401078,-0.016066745,0.0042817816,-0.010809559,-0.012588568,-0.013984199,-0.0055051064,-0.016825356,0.023459895,-0.017659256,0.99140686,0.9939923,1.0066283,1.0059664,0.9949347,0.99424165,0.99420637,0.98777205,1.0009058,1.0010126,0.9951732,0.9992241,0.99467045
0.0,0.003756903,-0.0072932,0.0009197891,0.0048329383,-0.0046756417,0.004307471,-0.0062377825,-0.005370602,-0.005968554,-0.0050876206,-0.010771655,0.016922368,-0.016689403,0.99453545,0.9966528,1.0020094,1.0017937,0.9932381,0.99582356,0.99670815,0.99075735,0.9979304,0.9994012,0.99467117,0.9971939,0.99361914
0.0,-0.0021463558,0.0074552633,-0.0017975047,0.002344057,0.005334705,0.006381467,-0.0016270727,0.00090210885,0.002672512,-0.0062620584,-0.0034853816,0.009292355,-0.009993248,0.9970621,0.9982107,0.9989766,0.9984778,0.99168164,0.99545735,0.9985005,0.9967093,0.99285835,0.99953514,0.99734604,0.9951663,0.99305516
1.0,0.004722275,-0.0077471677,0.00082109123,0.005217351,-0.00529667,0.0026530921,-0.0065933615,-0.005555883,-0.005345285,-0.0058869896,-0.0096104145,0.01536434,-0.011579036,0.9935399,0.99806285,1.0039353,1.001547,0.99283504,0.9943314,0.9965668,0.9915438,0.99739647,1.0002642,0.99518496,0.99728376,0.9936789
1.0,0.0059473515,-0.010335045,0.0021054447,0.0063381344,-0.007478386,0.0025798455,-0.0068264604,-0.0072750524,-0.0070576416,-0.005935562,-0.009615906,0.015692446,-0.011365714,0.99379134,0.99848473,1.0050933,1.001961,0.99285096,0.9937215,0.9965697,0.9909759,0.9974073,1.0003335,0.99504155,0.9981181,0.99334455
0.0,0.0116190985,-0.030723216,0.019355804,0.03629811,-0.03413585,0.026214413,-0.018285563,-0.025550522,-0.025419034,-0.016416978,-0.026210852,0.036171023,-0.022611964,0.9903356,0.97011817,1.0073845,1.0171046,1.0012378,0.99458015,0.98986894,0.9950587,1.000977,1.0105308,1.010736,0.9994145,1.003804
0.0,0.007340431,-0.015170904,0.0038433,0.008081883,-0.011357054,0.0024356842,-0.007972747,-0.0097365305,-0.009971855,-0.0057037156,-0.011645868,0.018330187,-0.013778464,0.9933927,0.9972601,1.0059863,1.0032768,0.9934517,0.99381953,0.99591625,0.9896046,0.9986162,1.0006272,0.9947455,0.9989323,0.9940654
1.0,0.010265969,-0.023275806,0.005352095,0.011349112,-0.017486311,0.005082451,-0.011635868,-0.013504364,-0.015125757,-0.0055918694,-0.018181965,0.024739852,-0.01823658,0.99088013,0.99304605,1.0069773,1.0067967,0.9953344,0.9941692,0.99366075,0.9874708,1.0013297,1.0012602,0.9955708,0.999282,0.9947644
1.0,0.008310191,-0.017026039,0.0050384477,0.009287506,-0.013392545,0.0014200658,-0.007977987,-0.011105709,-0.010835793,-0.0062076068,-0.010643601,0.017740734,-0.011495759,0.9933541,0.9980521,1.0075444,1.0033913,0.99329597,0.9927607,0.9959994,0.9897876,0.9982106,1.0012337,0.9949179,0.99967754,0.99431086
0.0,0.007999778,-0.015864914,0.003715679,0.008194372,-0.011815481,0.0023458973,-0.008318087,-0.010055885,-0.010309051,-0.0058504464,-0.0118105635,0.018340148,-0.012844677,0.9929378,0.99751675,1.0064874,1.0034039,0.9934855,0.9934127,0.99580646,0.989506,0.9986809,1.0007242,0.99477655,0.9990164,0.9937833
0.0,0.012221642,-0.02279705,0.008964211,0.013808437,-0.020497352,-0.002382964,-0.007896829,-0.016181268,-0.013754289,-0.00862237,-0.005916193,0.014087421,-0.00038216636,0.99299943,1.0023534,1.0139008,1.0038315,0.99257386,0.98758745,0.9963884,0.9912019,0.99582857,1.0036975,0.996145,1.0025983,0.9943735
1.0,0.0026665851,-0.0031658374,0.0010109991,0.0048947483,-0.0025234446,0.003478177,-0.0044322833,-0.004119538,-0.0030959146,-0.0061347717,-0.006394744,0.012537106,-0.010497444,0.99552834,0.99895924,1.0030171,1.0003319,0.9921842,0.9943666,0.9976683,0.9932719,0.99534947,1.0000536,0.99580157,0.9971554,0.99345374
1.0,0.004766211,-0.0074807312,0.0007338077,0.0049924403,-0.0048892647,0.003526546,-0.0063906834,-0.00556726,-0.005598358,-0.0056886226,-0.009659082,0.015390896,-0.012409543,0.99393255,0.9980738,1.0035243,1.0014943,0.9928501,0.9944322,0.99672157,0.9913581,0.99730223,0.99984384,0.99504393,0.99736696,0.99302024
0.0,0.00061998516,0.0015953612,0.00022082031,0.004160747,0.00070622563,0.004370734,-0.0029552877,-0.0021136329,-0.000385236,-0.006396394,-0.004263304,0.010297352,-0.008967293,0.9964781,0.99929845,1.0019073,0.9993832,0.9917442,0.99444425,0.99822253,0.9951149,0.99376214,1.000032,0.99669695,0.99647224,0.9933273
0.0,0.009593613,-0.025506577,0.007373467,0.014639214,-0.020081408,0.009701543,-0.013237342,-0.015119076,-0.01740151,-0.0056094853,-0.022788383,0.029393476,-0.024694487,0.9906815,0.9877995,1.0060267,1.0096958,0.9971227,0.99594945,0.9922093,0.9871915,1.0023644,1.0017562,0.9976275,0.99916655,0.996539
1.0,0.013531931,-0.034858987,0.015093707,0.026447944,-0.032508202,0.013414249,-0.015716342,-0.023651548,-0.02409235,-0.010898388,-0.022130303,0.031810097,-0.018112842,0.9896426,0.9821372,1.0101551,1.0131106,0.9986796,0.9920175,0.99095744,0.9904476,1.0012542,1.0068969,1.0028561,1.0012702,0.99965256
1.0,0.005410515,-0.0093141515,0.0013799071,0.0056398064,-0.0063919798,0.0031437725,-0.006819103,-0.0064897016,-0.006611295,-0.005683911,-0.010187216,0.016138636,-0.012784457,0.99370944,0.99788946,1.0041045,1.0018983,0.993001,0.99435437,0.9965503,0.99087566,0.9977002,1.0000136,0.9949059,0.9977027,0.99332815
0.0,0.01157666,-0.025663996,0.0068701953,0.012926787,-0.020135127,0.0037877187,-0.011591718,-0.015337557,-0.01630593,-0.0063731642,-0.016616356,0.02385389,-0.014994502,0.9908148,0.9940447,1.0088522,1.0068039,0.9951205,0.9926412,0.99384034,0.987797,1.0007111,1.0020682,0.99574614,1.0002663,0.99490744
0.0,0.0019044876,-0.0010410007,0.00043586642,0.0044236705,-0.0009773895,0.0038805455,-0.0038740747,-0.0031541884,-0.0018497948,-0.0062809577,-0.0055274367,0.011508921,-0.009546332,0.99575317,0.9991924,1.0025647,0.9999037,0.9920102,0.9943135,0.99789137,0.99406517,0.99469566,1.0000212,0.9961762,0.99682224,0.9932596
1.0,0.0068719536,-0.013282018,0.0031573325,0.0073839426,-0.0098509565,0.0023467392,-0.0074989274,-0.008787796,-0.008792923,-0.005831682,-0.010686874,0.017123295,-0.012490348,0.99354124,0.9979267,1.0057707,1.0026983,0.99315816,0.99368,0.9962107,0.9901696,0.9980801,1.000539,0.9948447,0.99863756,0.9937419
1.0,-0.0015844256,0.0055623576,-0.0024740323,0.0015587062,0.0047402307,0.0066955723,-0.0026564486,0.00065066665,0.0011283774,-0.0055886144,-0.006219603,0.0119845085,-0.014364234,0.99635863,0.9967987,0.99773717,0.9990345,0.9923133,0.9966105,0.9980644,0.99493337,0.9947051,0.99890286,0.9961993,0.9950235,0.99301547
0.0,-0.000922665,0.00477881,-0.0015710667,0.0025095642,0.003692396,0.0058113188,-0.0025874488,-8.635968e-05,0.0011384748,-0.006040995,-0.0049200505,0.010671911,-0.011127786,0.99642324,0.9980304,0.99949473,0.9989834,0.9919477,0.99553156,0.9981799,0.99547124,0.99395156,0.9994369,0.9966716,0.99547994,0.99305516
0.0,0.00842277,-0.018224051,0.004264295,0.008966543,-0.013512552,0.003105186,-0.009219179,-0.011052281,-0.011851143,-0.0054976707,-0.013942286,0.020657137,-0.015638018,0.9925115,0.99592185,1.0062768,1.0044318,0.99410117,0.99402976,0.9951866,0.9886356,0.9997194,1.000733,0.994751,0.9991123,0.9942819
1.0,0.012699552,-0.03212221,0.011503346,0.019222662,-0.027446568,0.0068184696,-0.01317635,-0.020131715,-0.020702062,-0.007831972,-0.018972803,0.02790419,-0.016849732,0.99053407,0.98913443,1.0101408,1.0097734,0.99670386,0.9920856,0.99240774,0.9884188,1.0011894,1.0042863,0.99833,1.0014924,0.9973865
1.0,0.0012751147,0.0002576895,-0.00019875914,0.0038249418,0.00021154433,0.0043917596,-0.003709454,-0.0023546666,-0.0011814656,-0.006145887,-0.005683273,0.011520033,-0.010190745,0.99579763,0.99879885,1.001724,0.99972737,0.99203676,0.99469745,0.99787825,0.99426234,0.9946948,0.99981236,0.99621785,0.99642897,0.99315387
0.0,0.007930785,-0.014454769,0.002491206,0.0072407797,-0.010341853,0.0025484413,-0.008424984,-0.009057775,-0.009427526,-0.0058923177,-0.011894427,0.017860066,-0.011968583,0.9924557,0.99782455,1.0061377,1.0031092,0.99340695,0.9933574,0.99579215,0.9897215,0.9986668,1.0005387,0.99480826,0.99852115,0.9932451
0.0,0.016838044,-0.039849952,0.01611863,0.026944935,-0.03716118,0.0065612793,-0.014675597,-0.02690629,-0.025856016,-0.012068969,-0.016193513,0.027810737,-0.008285023,0.9891139,0.9878456,1.0138972,1.011585,0.99734867,0.9873155,0.99191433,0.9909899,1.0002704,1.0082414,1.0012994,1.0035481,0.998803
0.0,0.009301417,-0.02027963,0.0056979805,0.010368176,-0.015833922,0.0019437969,-0.009193899,-0.012555592,-0.012789977,-0.006067639,-0.012909953,0.020194512,-0.013458825,0.99252456,0.99651843,1.0078185,1.0045619,0.99395466,0.9929852,0.9952339,0.9888778,0.99937916,1.0014629,0.9949495,0.9999033,0.9947724
0.0,0.008731157,-0.019913847,0.0035497546,0.009275898,-0.014124714,0.0058868304,-0.011234654,-0.011219375,-0.013407916,-0.004877953,-0.018801168,0.024768308,-0.020861216,0.99110967,0.99269444,1.0049604,1.0063158,0.99536574,0.9955662,0.9938756,0.987365,1.001622,1.0003207,0.99517846,0.99834925,0.99450606
0.0,0.009207748,-0.01949978,0.0047272965,0.009607181,-0.014715835,0.0025978014,-0.009508621,-0.011842139,-0.012444226,-0.005835682,-0.013759647,0.02054805,-0.014170076,0.9921756,0.99626935,1.0072002,1.004585,0.9940603,0.9933676,0.995085,0.9886498,0.9996656,1.00109,0.9948745,0.99943215,0.9942739
0.0,0.012404911,-0.02996265,0.010068841,0.016496785,-0.024907462,0.0041211993,-0.011908358,-0.01852955,-0.018909229,-0.0071485564,-0.016595408,0.025214061,-0.014790072,0.9911112,0.99244237,1.0102555,1.0080415,0.9956466,0.9917219,0.99334234,0.98815,1.0006081,1.0034175,0.9967648,1.0015215,0.99630135
0.0,0.0041810945,-0.007270338,-0.00086425245,0.0036148876,-0.00361941,0.00531099,-0.0074454304,-0.0045111105,-0.006062486,-0.0046800226,-0.013318498,0.018547297,-0.018204551,0.993166,0.9956085,1.0010047,1.0022427,0.9936882,0.99633443,0.9959993,0.9900355,0.99916166,0.998902,0.99446636,0.9964344,0.99298066
0.0,0.016785435,-0.0388787,0.015358634,0.024410792,-0.035445087,0.0037378445,-0.013438826,-0.025768623,-0.024766497,-0.010842902,-0.014130052,0.025445405,-0.006918421,0.98977345,0.99128735,1.0145764,1.0101601,0.9964316,0.986857,0.9927184,0.99018383,0.99958867,1.0070986,0.9994938,1.0041105,0.99773324
0.0,0.013233781,-0.028083613,0.011893138,0.01659315,-0.025325067,-0.0022633076,-0.008547617,-0.019233048,-0.017189018,-0.00866835,-0.007046938,0.016652236,-0.0028305072,0.9932029,1.0002038,1.014381,1.0051333,0.99320805,0.9871999,0.9956121,0.99053997,0.9967882,1.004434,0.99622524,1.0037763,0.99574363
0.0,0.004287027,-0.005923042,0.0008306727,0.005049549,-0.0041120127,0.003224738,-0.005651444,-0.005137235,-0.0045382828,-0.006059779,-0.0079732165,0.013745358,-0.010253531,0.9943876,0.9989491,1.0038824,1.0009699,0.9924787,0.9939253,0.99711555,0.9922956,0.99630743,1.000082,0.9954641,0.99739826,0.9929968
0.0,0.0029349327,-0.005227683,0.00020631403,0.0041258708,-0.0030477867,0.004578501,-0.0057626627,-0.004278004,-0.0047985315,-0.005101287,-0.010205492,0.016230945,-0.016474886,0.99472564,0.9966697,1.0012623,1.001327,0.9930901,0.99605685,0.9969109,0.9913017,0.99757165,0.99926627,0.9948068,0.9967625,0.99354297
0.0,-0.0005990863,0.0047387574,-0.0019034073,0.0023810714,0.0038135499,0.0057088807,-0.0028103814,1.5370548e-05,0.0013328101,-0.0061449558,-0.0049263015,0.010391532,-0.009907951,0.9959892,0.9983002,0.9998528,0.9990034,0.99192667,0.99514633,0.9980564,0.99561244,0.9939091,0.99952096,0.9968087,0.9954428,0.99283624
0.0,0.010633759,-0.02429205,0.0070015267,0.012354687,-0.01912357,0.0031305626,-0.010602828,-0.014734745,-0.015393272,-0.006147324,-0.015305221,0.02281656,-0.015119788,0.9917522,0.9947083,1.0084817,1.006128,0.99475926,0.99285406,0.99431515,0.98807204,1.0002611,1.0018791,0.9954221,1.0003788,0.9950726
0.0,0.009080261,-0.028090453,0.011706479,0.02086544,-0.024563678,0.015310265,-0.014447637,-0.018308476,-0.020183686,-0.007328881,-0.02558288,0.032854967,-0.027875803,0.9912255,0.98182774,1.0062814,1.0127678,0.99891883,0.9964181,0.9908321,0.98853517,1.0021094,1.0037147,1.0013547,0.99976015,0.998921
0.0,0.010608792,-0.021462785,0.0058791414,0.010907508,-0.016931467,0.0013246313,-0.009522662,-0.0134232715,-0.013373296,-0.006611782,-0.012223944,0.019360447,-0.0104444185,0.9919806,0.9976714,1.009232,1.0045769,0.99378765,0.9917238,0.99525374,0.9890015,0.99895626,1.0018207,0.9951064,1.0003264,0.99414384
0.0,0.011775427,-0.02898818,0.009135693,0.016096912,-0.023727685,0.0060031265,-0.012671718,-0.017611302,-0.018618777,-0.0068053734,-0.01900221,0.02696243,-0.01779587,0.9906221,0.99063987,1.0089949,1.0087208,0.9961876,0.99305433,0.99281234,0.987818,1.0014036,1.0030512,0.9971473,1.0006403,0.99644476
0.0,0.009080738,-0.019332161,0.0048955977,0.009651318,-0.014672421,0.0024864525,-0.009319706,-0.011844546,-0.012360134,-0.0058603734,-0.013438582,0.020301979,-0.014070492,0.99238837,0.9964137,1.0072182,1.0044837,0.99399006,0.9933237,0.99518204,0.9887373,0.9995126,1.0010926,0.9948649,0.99951357,0.9943015
0.0,0.012431599,-0.029605804,0.008962952,0.01682543,-0.02427318,0.00736738,-0.013740372,-0.017920956,-0.019323766,-0.007159733,-0.020591289,0.028083656,-0.018113518,0.98977345,0.98951066,1.0090213,1.0095183,0.9966166,0.9930865,0.99228114,0.9877286,1.0017538,1.003223,0.99780476,1.0002604,0.99632245
0.0,0.008497164,-0.018210666,0.0042509884,0.008962601,-0.013501003,0.0030349642,-0.009230198,-0.011057101,-0.011834161,-0.005554218,-0.013866592,0.020539377,-0.015361454,0.9924772,0.9960396,1.0063609,1.0043945,0.9940678,0.9939311,0.9951994,0.9886593,0.9996791,1.0007414,0.99475586,0.9991277,0.9942083
0.0,0.0074641407,-0.02312679,0.015626818,0.03031215,-0.025583945,0.028711878,-0.018069386,-0.019364499,-0.021087743,-0.012713603,-0.031954348,0.03781142,-0.032519087,0.990991,0.9695405,1.0044992,1.0174017,1.0015441,0.99929464,0.98893714,0.9924234,1.0017716,1.0070488,1.0096198,0.9974467,1.0029075
0.0,0.004461482,-0.0055013057,0.0012402534,0.0055432096,-0.004247971,0.0027035922,-0.005266197,-0.0053419247,-0.004076355,-0.006538109,-0.006515667,0.01223119,-0.0074279318,0.9945711,1.0000892,1.004944,1.0007278,0.99215,0.9930022,0.9973591,0.9930536,0.99539906,1.0004675,0.9959517,0.9976853,0.992862
0.0,0.011275731,-0.022290302,0.010507494,0.014546961,-0.02082789,-0.0025710985,-0.006816998,-0.016397059,-0.013761061,-0.008537883,-0.004447013,0.013376044,-0.0012282021,0.99447286,1.0023199,1.0136871,1.0035678,0.99229395,0.98758227,0.99673516,0.99170953,0.9951953,1.0038075,0.9962274,1.0030847,0.99523884
0.0,0.011414222,-0.02442898,0.0058996826,0.011945769,-0.018772833,0.0038110763,-0.011577016,-0.014431015,-0.015602701,-0.006227671,-0.016690776,0.023468174,-0.014874334,0.990642,0.9944555,1.0084409,1.0064874,0.99499387,0.99279594,0.99392146,0.98775643,1.0007538,1.0017242,0.9955367,0.9998766,0.9944358
0.0,-0.00040075928,0.0038286243,-0.0013302863,0.0027588084,0.002974607,0.0055082217,-0.0028433576,-0.0005510673,0.00065056235,-0.0060940385,-0.0050790384,0.01082627,-0.010847803,0.9962274,0.9982336,0.9999876,0.99913865,0.9919813,0.99532115,0.9981343,0.9952038,0.9941175,0.9995058,0.99656105,0.9956895,0.9930458
0.0,0.0021024942,-0.0010287892,0.001653105,0.005579032,-0.0018300787,0.003319025,-0.0032285005,-0.0039327964,-0.0017340155,-0.0068210317,-0.0035597906,0.009766753,-0.006608354,0.9964461,1.0006024,1.0040711,0.999738,0.991571,0.9932027,0.9982774,0.99493575,0.9934328,1.0005599,0.99681705,0.9974246,0.99327886
0.0,0.0071502924,-0.013340732,0.008155949,0.011467941,-0.013500571,-0.0010168031,-0.004542593,-0.011554733,-0.008728246,-0.007844114,-0.0026499406,0.010855173,-0.003175879,0.99641,1.0024766,1.0103959,1.0016987,0.99157315,0.98979574,0.9978549,0.9932664,0.99383485,1.0026366,0.9964279,1.001186,0.995168
0.0,0.009982832,-0.024611602,0.007382624,0.012777314,-0.019376352,0.004439175,-0.010770138,-0.014857985,-0.015856568,-0.0057314774,-0.01665026,0.024318175,-0.018177427,0.9920028,0.993118,1.0076337,1.0068079,0.9952767,0.9937879,0.9939954,0.987798,1.0007218,1.001744,0.9956549,1.0002825,0.9956393
0.0,0.004247904,-0.007097842,0.0012612715,0.005257763,-0.0048974752,0.0034215897,-0.005946789,-0.005595289,-0.005445556,-0.005679001,-0.009093069,0.015138652,-0.012856474,0.9945345,0.9980476,1.0033898,1.0013611,0.9927468,0.99462575,0.99692523,0.99154943,0.9970135,0.99988437,0.99508697,0.99747044,0.9933637
0.0,0.0139724985,-0.034011245,0.012273788,0.020549178,-0.029556572,0.006111212,-0.013541225,-0.021576837,-0.021737052,-0.00870526,-0.018164087,0.027525265,-0.014016056,0.9900367,0.9895665,1.0113953,1.009939,0.9966253,0.9907636,0.992341,0.98879564,1.0009272,1.0050969,0.9986909,1.0019565,0.9973863
0.0,0.010972887,-0.024752503,0.0071435645,0.0125922635,-0.019579642,0.002903074,-0.010700526,-0.015038505,-0.01560171,-0.006308794,-0.015140373,0.0226902,-0.01436861,0.9916032,0.99490637,1.0088663,1.006153,0.9947217,0.9925387,0.9942964,0.9881171,1.0002,1.0020386,0.99547493,1.0004965,0.9950387
0.0,-0.0013497621,0.005034795,-0.0011802241,0.0027057156,0.0035926625,0.0058365166,-0.0022263452,-0.00013845414,0.0010618605,-0.006022455,-0.004656866,0.01078274,-0.01220744,0.9968943,0.99781406,0.9991465,0.9989272,0.99197596,0.9958975,0.99840003,0.9954589,0.9938602,0.9994177,0.99658567,0.9955348,0.99343085
0.0,0.010990538,-0.023708364,0.004601836,0.011373863,-0.01762762,0.0058281943,-0.012716647,-0.013424978,-0.01553168,-0.005808457,-0.019801237,0.025768008,-0.018291961,0.98973334,0.9923327,1.0069567,1.0073608,0.9956576,0.99418056,0.993142,0.98724794,1.0019479,1.0013258,0.9958928,0.9988029,0.99456966
0.0,-0.0010859147,0.004042458,-0.0007332042,0.0030010939,0.0028411224,0.005865276,-0.0023830794,-0.00076571107,0.00034675933,-0.005886593,-0.005040914,0.011213319,-0.012961413,0.99713224,0.9978563,0.99933827,0.99913985,0.9919975,0.9959044,0.9983053,0.9950505,0.9940597,0.99937093,0.99640346,0.99577016,0.99325603
0.0,0.0040537715,-0.006159151,0.0026556924,0.0065568164,-0.005422041,0.001788035,-0.00488548,-0.005993098,-0.0043084277,-0.0066185864,-0.0057333186,0.012030975,-0.0075446637,0.99531686,1.0001025,1.0054598,1.000748,0.991969,0.99304116,0.99747556,0.9932494,0.9950845,1.0008814,0.9960664,0.9980451,0.9938661
0.0,0.0021203086,-0.0032218285,0.000943549,0.0045793205,-0.0023836792,0.0043619275,-0.004334625,-0.004104592,-0.0036717346,-0.0056373477,-0.007429622,0.013876432,-0.014132692,0.99597,0.997931,1.0016868,1.0005687,0.99255025,0.9953894,0.99766546,0.9925875,0.9959301,0.99959487,0.99530905,0.9970664,0.9935213
0.0,-0.0020275787,0.0077243336,-0.0010885447,0.0031432137,0.0049421117,0.006040126,-0.0011682957,0.0005224496,0.0030481257,-0.006706833,-0.0019699186,0.007855691,-0.007360503,0.9974065,0.9992902,1.0001645,0.9983532,0.9913766,0.99459356,0.99878633,0.9975202,0.99184954,0.9999682,0.9979655,0.9955079,0.9930761
0.0,0.0014245659,-0.00033558533,-0.001167722,0.0029470474,0.0005452931,0.0050039366,-0.0044978447,-0.002011679,-0.0017499039,-0.005615511,-0.007797636,0.013345378,-0.012981665,0.9951124,0.9976114,1.0005683,1.0000837,0.9924737,0.9955362,0.99742186,0.9932736,0.9959485,0.99931,0.9956312,0.99602604,0.9929504
0.0,0.006558597,-0.017425643,0.003573373,0.008502267,-0.012138084,0.006998457,-0.009904889,-0.01019074,-0.01250194,-0.0040684957,-0.01839776,0.024649005,-0.024923675,0.99276865,0.992177,1.0030309,1.0061353,0.9956141,0.9969777,0.99440384,0.98736036,1.0012046,0.99952143,0.994903,0.99834025,0.9946958
0.0,0.016334161,-0.036282055,0.0141041875,0.021292329,-0.032614253,0.00019910932,-0.011739098,-0.023956798,-0.022547305,-0.009961694,-0.011182819,0.021918956,-0.004184397,0.99069816,0.9956914,1.0153451,1.0081973,0.99507856,0.9862774,0.9937846,0.98985976,0.998639,1.006094,0.9977261,1.0044533,0.99660337
0.0,0.0067014396,-0.012922948,0.0019768924,0.0064734966,-0.00884483,0.0034416243,-0.008161705,-0.008033223,-0.008820568,-0.005356089,-0.0126483925,0.018591698,-0.014933996,0.99293053,0.9967893,1.0045358,1.0030464,0.9935732,0.99455243,0.99578995,0.989557,0.9990077,1.0000169,0.9946251,0.99801093,0.9934371
0.0,0.0080357045,-0.019354561,0.0021581203,0.009981453,-0.013386719,0.011469077,-0.01420074,-0.010258332,-0.014319211,-0.0044456935,-0.02637465,0.030456413,-0.028740989,0.98920226,0.98715925,1.0025485,1.009406,0.99725735,0.9983145,0.99171275,0.986505,1.0039155,1.0000086,0.9971183,0.9964694,0.9954075
0.0,-0.002223216,0.008312626,-0.0015396476,0.002823554,0.005548969,0.0061214194,-0.0012191087,0.0009986535,0.0035213046,-0.006696066,-0.002039671,0.007743829,-0.007038014,0.99715173,0.99913913,0.99993837,0.99829483,0.9914021,0.9946267,0.99870247,0.9977182,0.9918394,0.9999434,0.9980742,0.9952863,0.9930695
0.0,0.008684412,-0.01888212,0.0025992617,0.008436486,-0.012994662,0.005952075,-0.011323873,-0.010418497,-0.012827614,-0.0048170527,-0.018948581,0.024535434,-0.020624839,0.99077076,0.9929093,1.004569,1.0060636,0.99529546,0.9956557,0.99390805,0.9873786,1.0017228,1.0000839,0.9950424,0.99795943,0.9941478
0.0,0.011383213,-0.027028734,0.008331887,0.014231347,-0.021828339,0.003760606,-0.011373781,-0.016427927,-0.017074537,-0.006514447,-0.016415667,0.024402525,-0.015658513,0.99131465,0.9932847,1.0091364,1.0071785,0.99529487,0.9926083,0.9937488,0.9879774,1.0006868,1.0025549,0.99604464,1.0008034,0.9958174
0.0,0.007683061,-0.022583017,0.007350087,0.01699067,-0.018644162,0.01738951,-0.015642155,-0.013997704,-0.017494384,-0.006083603,-0.02962549,0.03416981,-0.03249676,0.98994553,0.9810568,1.0036387,1.0130206,0.9991475,0.9990929,0.9902726,0.9875408,1.0033994,1.0019038,1.0011247,0.9973061,0.9980589
0.0,0.0007654056,0.001272425,-0.0009592548,0.0031199157,0.0012943223,0.004961461,-0.003691364,-0.0016000941,-0.0007329378,-0.00593304,-0.006202154,0.011904505,-0.011343889,0.9956918,0.9982073,1.0007337,0.9996335,0.99216336,0.99520296,0.9978061,0.9942366,0.9949424,0.999535,0.9961168,0.9960252,0.9930409
0.0,0.00090540946,-6.2342733e-06,0.0005195886,0.0042344406,-0.00031045824,0.0042839646,-0.0034025572,-0.0026857257,-0.0015244726,-0.006015837,-0.0055040866,0.011801418,-0.011500431,0.9964216,0.9985301,1.0015334,0.99975765,0.9920267,0.99508923,0.99802566,0.9941291,0.994675,0.9998386,0.99609494,0.99658114,0.9936528
0.0,-0.0044422373,0.012408098,-0.0023051426,0.0020490885,0.008345403,0.0077603236,0.00015928596,0.002692908,0.0053977855,-0.0066641653,-0.0010481924,0.0070267986,-0.008317822,0.9981693,0.99831724,0.9978094,0.9976494,0.99130726,0.9953918,0.99907076,0.9989891,0.99089485,0.9996891,0.9986347,0.9945785,0.9930257
0.0,0.0079222545,-0.016313931,0.0011660978,0.006875135,-0.010639548,0.0055927485,-0.010904085,-0.008762389,-0.011235235,-0.004737476,-0.018401165,0.02360858,-0.020148616,0.99070716,0.9934565,1.0036676,1.0052581,0.99497724,0.99591637,0.99417514,0.9877236,1.0016437,0.99977195,0.9947657,0.9973265,0.9938566
0.0,0.0008140281,0.001205083,-0.0006005466,0.0034419075,0.0009908378,0.0046826378,-0.0035389364,-0.0017903522,-0.00072883256,-0.006107022,-0.0057038665,0.011536158,-0.010741739,0.9958129,0.9984875,1.0010995,0.9995876,0.99209017,0.99500436,0.99794877,0.9944037,0.9946928,0.9996791,0.99621546,0.99618906,0.9932101
0.0,0.008417144,-0.016324965,0.003561318,0.008204594,-0.012013853,0.0025146976,-0.008663382,-0.0102188885,-0.010621216,-0.00587547,-0.012271315,0.018562056,-0.012638359,0.99262685,0.9975308,1.0066497,1.0035795,0.9935556,0.9932243,0.99562585,0.9893297,0.9988451,1.000691,0.99479127,0.99900246,0.99347216
0.0,0.0010970533,0.0005108826,-0.00057148933,0.003465712,0.0006054118,0.0046522394,-0.0038005114,-0.0020487607,-0.0011314079,-0.005996351,-0.0061648637,0.01195847,-0.011127303,0.9956767,0.9983825,1.0011779,0.9997431,0.99215764,0.9950442,0.99781275,0.9940844,0.99498284,0.99963826,0.99606794,0.99623924,0.9931443
0.0,0.0030774772,-0.003716221,0.00022757798,0.0043366626,-0.0023684427,0.0038009062,-0.005090032,-0.0039554834,-0.0034054527,-0.0058943853,-0.007694155,0.013476162,-0.011298918,0.99481624,0.9984845,1.0026585,1.0005838,0.99243397,0.9945839,0.99730474,0.99272937,0.9960783,0.9998237,0.99554133,0.99690163,0.99311656
0.0,0.0074718148,-0.018088287,0.00298322,0.0084330365,-0.012465753,0.006608244,-0.010797579,-0.010144755,-0.012597553,-0.004371307,-0.019168016,0.025025927,-0.023314146,0.99164736,0.99213505,1.0036012,1.0062133,0.9955035,0.9965938,0.9940044,0.9873162,1.0017245,0.9998019,0.995048,0.9979647,0.9946278
0.0,0.0032148808,-0.004221076,-2.0563602e-05,0.004109256,-0.0024547204,0.0040851906,-0.0054609217,-0.003979601,-0.0038240086,-0.005662704,-0.008658782,0.014345817,-0.012610839,0.994573,0.9979703,1.0022568,1.0008105,0.99263585,0.99493134,0.99709624,0.99224275,0.9966308,0.99961466,0.99529487,0.99679786,0.9930366
0.0,0.009338409,-0.025186,0.0073324516,0.01567866,-0.020127691,0.012301452,-0.0144080445,-0.015037857,-0.017750453,-0.005929365,-0.025489371,0.031393398,-0.026979333,0.99006855,0.98533916,1.0053955,1.0109944,0.99784726,0.9968269,0.9913399,0.9872731,1.0029445,1.0020037,0.99890095,0.9984549,0.99704057
0.0,0.002813764,-0.003443515,-0.00019459426,0.0038773566,-0.0018800348,0.00445202,-0.0051573105,-0.003662102,-0.0035314243,-0.005608434,-0.008463062,0.01421731,-0.0131334495,0.9948342,0.997873,1.0017816,1.0006789,0.9926473,0.99513596,0.99723864,0.99237484,0.99647534,0.9994814,0.9952876,0.99670434,0.9929632
0.0,0.007687524,-0.021912696,0.011078477,0.024344191,-0.021908753,0.024945471,-0.018133435,-0.016291447,-0.019171063,-0.010029474,-0.0331195,0.037309106,-0.033465527,0.98958474,0.9735969,1.0039103,1.016227,1.0006682,0.9997623,0.9888055,0.9901576,1.0030352,1.0048548,1.0065275,0.9964555,1.0009444
0.0,0.004866682,-0.006739093,0.0024767667,0.006607704,-0.005797155,0.0019413233,-0.005038079,-0.006408669,-0.0046977717,-0.006783382,-0.005591385,0.011769455,-0.0063745603,0.9949827,1.0006906,1.0060521,1.000816,0.99198407,0.99247396,0.99754304,0.99317026,0.9949719,1.0008874,0.9960788,0.9982847,0.9932802
0.0,0.011131868,-0.023088468,0.009954132,0.014022224,-0.020700105,-0.0016823933,-0.0074558575,-0.016174026,-0.01421382,-0.007943238,-0.0065364316,0.015419213,-0.004381977,0.9940581,1.0006839,1.0125309,1.0039318,0.992766,0.9887776,0.9963059,0.99080694,0.99636847,1.0033922,0.99577314,1.0026257,0.9953176
0.0,0.010297254,-0.026912374,0.008318432,0.017229274,-0.022165418,0.012232624,-0.014874827,-0.016355552,-0.018719396,-0.006771858,-0.025275107,0.031576697,-0.025143253,0.9896642,0.98497957,1.0064008,1.0113373,0.99789554,0.9959905,0.9911481,0.9876533,1.0028499,1.0028313,0.9994642,0.99875844,0.99738735
0.0,-0.001995176,0.0071231797,-0.00200475,0.002148725,0.0052827,0.0063798167,-0.0018747896,0.00091879815,0.0024525188,-0.006161401,-0.00400386,0.009745487,-0.010574874,0.99682343,0.9979659,0.99879134,0.9985656,0.99179184,0.9956204,0.9983942,0.99640334,0.99321616,0.9994288,0.99714446,0.9951165,0.99303544
0.0,0.00074604154,0.0012624189,-0.0010313243,0.0030519962,0.0013364181,0.0049815625,-0.0037418269,-0.0015487596,-0.0007470418,-0.0058936737,-0.006345719,0.012037166,-0.011563829,0.995641,0.9981001,1.0006324,0.9996522,0.9921945,0.9952863,0.99777645,0.99417454,0.99503434,0.99950427,0.9960756,0.9959831,0.99306655
0.0,0.008668698,-0.01812364,0.0037017688,0.008645549,-0.013172254,0.0033043325,-0.00959179,-0.010793082,-0.011794872,-0.005510268,-0.014515214,0.020884316,-0.015500923,0.9920425,0.9958461,1.0061827,1.0045044,0.99416786,0.9940263,0.99501777,0.9885139,0.999964,1.0006381,0.99475706,0.99886936,0.9939933
0.0,0.014348574,-0.030561185,0.01267682,0.017892748,-0.027584113,-0.0021265224,-0.009297412,-0.020752482,-0.018790077,-0.009083508,-0.0076581687,0.017609315,-0.0024283193,0.99257815,0.99963194,1.0150815,1.0058553,0.9935815,0.9865392,0.9952333,0.99032503,0.99707997,1.0048957,0.9964919,1.0042486,0.99581325
0.0,0.004386738,-0.006445354,0.00097453594,0.0051628724,-0.004473813,0.0031240508,-0.005827006,-0.0053295195,-0.004825308,-0.005983742,-0.008318625,0.014134397,-0.010709398,0.9943262,0.9987423,1.0039041,1.0011011,0.992538,0.9940433,0.9970107,0.99208,0.99654114,1.0000894,0.99537694,0.9974259,0.9931351
0.0,0.0037388727,-0.0056438576,0.0026277304,0.0063571185,-0.005018875,0.0024120435,-0.004546486,-0.0058425963,-0.004359212,-0.0064423177,-0.005677305,0.01220493,-0.00883273,0.99575055,0.9998387,1.004824,1.00064,0.9920048,0.9934318,0.9976921,0.99314404,0.9950529,1.0006028,0.9959015,0.99802566,0.9937466
0.0,-0.0028416067,0.009524303,-0.0018455535,0.0025758073,0.0064444095,0.0064063556,-0.0009461194,0.0016200319,0.0042483713,-0.0066963136,-0.001757361,0.007410528,-0.0069245137,0.9972659,0.99893683,0.99947685,0.99812526,0.991358,0.9947693,0.9987332,0.99816966,0.99155366,0.99992204,0.9983176,0.9950179,0.9931377
0.0,0.011187308,-0.023730824,0.005311772,0.011422344,-0.017968297,0.0041714236,-0.011699636,-0.013848685,-0.015271542,-0.0060647056,-0.017206132,0.023712816,-0.015592278,0.99047554,0.9942116,1.0079374,1.0064807,0.9950676,0.99316967,0.9938668,0.9876511,1.0009723,1.0014824,0.99548113,0.9995503,0.99432135
0.0,0.00046643615,0.0016897935,-0.0010242313,0.0029992834,0.0016002357,0.005110666,-0.003574334,-0.0013824925,-0.0005931277,-0.0058889138,-0.0062398314,0.011997631,-0.011934815,0.995816,0.997986,1.0003624,0.9995796,0.9921927,0.9954402,0.99785703,0.9942538,0.9949605,0.9994467,0.99608314,0.9959342,0.9931244
0.0,0.009559199,-0.021131443,0.005816914,0.010640889,-0.016351819,0.0026061833,-0.00956169,-0.012958519,-0.013458816,-0.0058904085,-0.013768934,0.021033034,-0.014529584,0.9923783,0.9959523,1.0077102,1.004998,0.9942297,0.99316067,0.9950071,0.9885059,0.99965066,1.0013607,0.9949709,0.9999517,0.99465287
0.0,0.0005419478,0.0019529201,-0.00092183053,0.0031701997,0.0016420484,0.0050473213,-0.0033782609,-0.0014393032,-0.00032884255,-0.006075167,-0.0055841133,0.011294073,-0.0105995145,0.9959073,0.9984932,1.00081,0.99946517,0.992042,0.9950052,0.99794984,0.99463886,0.9945145,0.9996049,0.99633825,0.99603283,0.99295944
0.0,0.0105373785,-0.029206065,0.018903174,0.035195597,-0.032420047,0.02687734,-0.018063046,-0.024333365,-0.024547096,-0.01560665,-0.02736441,0.03657859,-0.024949709,0.9907208,0.9698148,1.0067545,1.0171537,1.0013533,0.99564075,0.98967797,0.99453056,1.0010834,1.0098151,1.0105419,0.99913794,1.0036994
0.0,0.008405276,-0.017681854,0.004211046,0.008823574,-0.013173953,0.002772577,-0.008938843,-0.010879733,-0.011487827,-0.005655282,-0.013185065,0.01988487,-0.014606919,0.9926462,0.9965059,1.0064702,1.0041114,0.99389905,0.9937399,0.9954069,0.98888844,0.9993652,1.000755,0.99473727,0.9991719,0.9941137
0.0,0.0069231987,-0.022860983,0.015194483,0.029156558,-0.024738595,0.028197885,-0.017586062,-0.018806793,-0.02071844,-0.011876586,-0.032058764,0.037700128,-0.033651635,0.99130267,0.9702374,1.0041867,1.0172223,1.0015615,0.99957186,0.9889376,0.99187815,1.0018092,1.0064285,1.0089875,0.99761045,1.0025114
0.0,0.007845454,-0.015366888,0.0040926337,0.008403391,-0.011793233,0.0017334819,-0.007824918,-0.010075457,-0.009884487,-0.006117667,-0.010573506,0.017279122,-0.011386695,0.9933095,0.99822146,1.0069476,1.0030442,0.9931918,0.9929981,0.9960996,0.98999286,0.9980952,1.0009518,0.9949097,0.9992179,0.9939151
0.0,0.0014717132,-0.00035060756,0.0006304607,0.0045710728,-0.0007060766,0.0036522374,-0.003559772,-0.0029100478,-0.0013322756,-0.0063764118,-0.0048846453,0.010961104,-0.008958344,0.99601656,0.9993106,1.002632,0.9997307,0.99186176,0.994289,0.9980065,0.9945095,0.9943111,1.000185,0.9964212,0.9967574,0.99358577
0.0,-0.0017392561,0.00683886,-0.002223894,0.0020058602,0.0052334964,0.006363645,-0.0021034926,0.0009088218,0.0023295898,-0.0061449083,-0.0043172315,0.009927,-0.0104933,0.9965282,0.99795043,0.9988389,0.9986398,0.9918569,0.99555033,0.998296,0.9962464,0.9934157,0.9993907,0.99705946,0.99510854,0.9929099
0.0,0.004408695,-0.0070783217,0.0027515069,0.0066002235,-0.006008595,0.0019369349,-0.0050832815,-0.006373003,-0.0049912296,-0.0064558117,-0.0062690973,0.012765057,-0.008616817,0.9952172,0.99976075,1.0053422,1.0009325,0.99213046,0.993267,0.9974442,0.99275535,0.9955105,1.0007573,0.9957656,0.99816704,0.99390185
0.0,-0.000607945,0.00490121,-0.0007773116,0.003397122,0.0031510666,0.005449243,-0.0021128282,-0.0006469637,0.0014270712,-0.0065783113,-0.003220126,0.008997741,-0.00795465,0.9967895,0.99940157,1.0009453,0.9988431,0.9915842,0.99439836,0.9984851,0.99632806,0.99281603,0.9999095,0.9973248,0.99594504,0.992861
0.0,-0.00010295212,0.0031703059,-0.0010411739,0.0030226111,0.0024178028,0.005211316,-0.002985336,-0.00089932233,0.00033723563,-0.006132303,-0.005099356,0.010879973,-0.010603506,0.9961722,0.9983826,1.000386,0.9992343,0.99196887,0.99518347,0.9981083,0.9950671,0.99418163,0.9995945,0.9965232,0.9958442,0.9931292
0.0,0.011953071,-0.026606964,0.006819725,0.013575479,-0.02083379,0.005111873,-0.012604751,-0.015690364,-0.017124116,-0.0064531425,-0.01858887,0.02550985,-0.016396474,0.99008846,0.9925627,1.0086094,1.0077119,0.9956525,0.9929938,0.9931995,0.9875119,1.0013702,1.0021768,0.9962589,0.99993753,0.9950554
0.0,0.007095851,-0.017281795,0.00114654,0.008323111,-0.011184379,0.011176825,-0.013372591,-0.008902185,-0.013206681,-0.0037833517,-0.025582727,0.029578507,-0.02972851,0.9897458,0.9879095,1.001452,1.0086415,0.99707925,0.9988566,0.9922804,0.9864021,1.003697,0.99919134,0.9964056,0.9962971,0.9949449
0.0,-0.002876468,0.009173686,-0.0016803145,0.002529353,0.0061424226,0.0067824423,-0.00079086795,0.0012969449,0.0036232546,-0.006546812,-0.0021018237,0.008077354,-0.008766223,0.9976476,0.9986347,0.99893636,0.99814427,0.99146765,0.9951825,0.99884975,0.9976964,0.99185133,0.9997214,0.99792504,0.9951271,0.99303794
0.0,0.009312876,-0.020064885,0.004989609,0.009896666,-0.015192315,0.0027395263,-0.009648073,-0.012158446,-0.012813658,-0.005803154,-0.014073983,0.020936448,-0.014589713,0.99216545,0.9959956,1.0072527,1.0047996,0.99416476,0.9934054,0.9949683,0.9885187,0.9997927,1.0011348,0.9949129,0.99952024,0.9943723
0.0,0.010267459,-0.028530138,0.011640139,0.022227518,-0.025578968,0.016394097,-0.015865238,-0.018798403,-0.020741722,-0.008564974,-0.026720911,0.033647355,-0.02628078,0.98994696,0.9805966,1.0068089,1.0134015,0.9990833,0.99608576,0.9903842,0.9890118,1.0023868,1.0044987,1.002424,0.99911374,0.99919313
0.0,0.006018661,-0.015624182,0.0006413609,0.007354364,-0.009656772,0.011161886,-0.012634955,-0.00800249,-0.012327442,-0.0033365767,-0.025094543,0.029134866,-0.031047266,0.99041337,0.9881382,1.0004659,1.0082098,0.9970134,0.9994491,0.99262553,0.98642266,1.0035388,0.99871963,0.99604654,0.9961684,0.994848
0.0,-0.0020675138,0.0077502914,-0.0015642792,0.002695851,0.005227126,0.0062457696,-0.0013196394,0.00077111274,0.0029785503,-0.0065526236,-0.0025507435,0.00841829,-0.008364433,0.9971583,0.9988489,0.9996012,0.9983818,0.99154705,0.9949331,0.9986995,0.9972224,0.99225205,0.9997941,0.9976957,0.99534315,0.99304247
0.0,0.008860424,-0.01863139,0.0047567487,0.009402394,-0.014160499,0.0022912025,-0.009015152,-0.011532575,-0.011908528,-0.0058886623,-0.012852222,0.019715376,-0.013558801,0.99258304,0.9967925,1.0071855,1.0041925,0.9938264,0.99325925,0.9953723,0.98895574,0.99924517,1.001065,0.9948375,0.99947685,0.9942349
0.0,0.011852063,-0.031898677,0.012758389,0.022421136,-0.028321952,0.012454651,-0.014837464,-0.020720929,-0.021835586,-0.008698644,-0.02301531,0.031501092,-0.021484202,0.9902002,0.9837003,1.0087825,1.0121843,0.9982709,0.9937583,0.9911771,0.98905027,1.0017219,1.004993,1.0010719,1.0006374,0.9987644
0.0,0.009067707,-0.018940723,0.0049994662,0.009629391,-0.01451347,0.0021471754,-0.008971961,-0.01181145,-0.012090066,-0.005990034,-0.012564424,0.01950054,-0.013054606,0.99263066,0.99703115,1.0074946,1.0041889,0.9937827,0.9930022,0.99542546,0.98899806,0.9990905,1.0011488,0.99486107,0.9996549,0.99418056
0.0,0.011723511,-0.029190464,0.009371959,0.016388573,-0.023970753,0.006295789,-0.012725068,-0.017788477,-0.018807432,-0.0068295244,-0.019207507,0.02721525,-0.018151697,0.9906826,0.9903114,1.0089499,1.0088953,0.99629104,0.9931117,0.99272543,0.98782986,1.001426,1.0031102,0.9972934,1.0006813,0.99655354
0.0,0.0017085299,-0.0009849481,-0.0009880885,0.0031136423,4.4859946e-05,0.004928373,-0.0046259984,-0.002355449,-0.0021518748,-0.005600393,-0.007967122,0.013580019,-0.013164322,0.9950575,0.9976395,1.0007654,1.0002146,0.9925334,0.9954929,0.9974004,0.9930503,0.99608314,0.999323,0.99552584,0.9961711,0.99295
0.0,0.008216105,-0.023257317,0.006930776,0.016307876,-0.0189498,0.015634362,-0.015398379,-0.014147311,-0.017376373,-0.006100015,-0.02862953,0.03349179,-0.030718302,0.9897609,0.98241603,1.0040574,1.0123678,0.9986685,0.9984029,0.9904627,0.9874412,1.0035379,1.0020312,1.0003736,0.99742734,0.99773586
0.0,0.0071443543,-0.014420142,0.00051403046,0.005963534,-0.009056322,0.005442247,-0.010246392,-0.0077316463,-0.010120977,-0.0045930967,-0.01748975,0.022704171,-0.020032635,0.9910838,0.9938755,1.0030111,1.0046211,0.9947368,0.99616086,0.9945748,0.9880748,1.0012804,0.9995205,0.9945717,0.99706817,0.993755
0.0,-0.0017179251,0.0063666105,-0.0006187707,0.0033814758,0.0038789436,0.0054086074,-0.0014787875,4.146248e-05,0.0021777023,-0.0065731145,-0.0025769398,0.008794123,-0.00891892,0.9973184,0.9988545,1.000155,0.9985518,0.9915499,0.9950506,0.9987719,0.99677753,0.9925102,0.9999498,0.99744105,0.99566525,0.9937094
0.0,0.003422752,-0.005151486,0.0012122989,0.0051133335,-0.003759265,0.0033475533,-0.0051409155,-0.0048850477,-0.0042275945,-0.005884651,-0.007615708,0.013728117,-0.011507655,0.9951198,0.9985857,1.003292,1.0008181,0.9924049,0.99445873,0.99728304,0.99246484,0.996121,1.0000253,0.9954666,0.9973146,0.9934528
0.0,-0.003835395,0.011187562,-0.0029940084,0.0013989285,0.008159392,0.0074558593,-0.0007797964,0.0027906075,0.004805591,-0.00633101,-0.0026643649,0.008298211,-0.009544337,0.997259,0.9976533,0.9974752,0.99791896,0.9915905,0.99576706,0.9986317,0.9980458,0.9920359,0.99941295,0.9980157,0.9943992,0.99299836
0.0,0.016802669,-0.03158328,0.011437081,0.01854124,-0.029297583,-0.0049008653,-0.010209959,-0.022043139,-0.018624458,-0.011100237,-0.0059757307,0.015083589,0.006580893,0.9902759,1.0031064,1.0184973,1.0061016,0.99335563,0.98349583,0.9951454,0.9915267,0.9962238,1.0064527,0.9974966,1.0046105,0.9948625
0.0,-0.0021606535,0.008068655,-0.0024753585,0.0019393191,0.0060361847,0.006367188,-0.0018139742,0.0014771372,0.0033024978,-0.0063311746,-0.0035374388,0.008990848,-0.008875927,0.9964988,0.99821717,0.998966,0.9984324,0.99170303,0.99524313,0.99834627,0.997019,0.99280834,0.9995807,0.9975485,0.9949183,0.9929617
0.0,0.007891983,-0.01884435,0.0033704638,0.008833028,-0.013217151,0.0061250255,-0.010825088,-0.010646358,-0.012867054,-0.004577026,-0.018748637,0.024756148,-0.022152083,0.9915975,0.9924853,1.0042294,1.0061669,0.9953643,0.9961267,0.99399954,0.98740304,1.001592,1.0000758,0.9950794,0.99818563,0.99464834
0.0,0.0015430003,-0.00045665354,-0.00045772642,0.0035696402,-2.771616e-06,0.004654795,-0.0040945895,-0.0024903044,-0.0017438726,-0.0059019895,-0.006668292,0.0124437865,-0.011557154,0.9955381,0.9983417,1.001354,0.9999547,0.99225336,0.99501365,0.99768615,0.99367285,0.99530214,0.99958783,0.99587554,0.9963847,0.99299943
0.0,0.000554055,0.0017944202,-0.0013061017,0.0028194785,0.0018212646,0.005183995,-0.0036868863,-0.0012394041,-0.0004566759,-0.0058805645,-0.006357357,0.011944174,-0.011551649,0.99561924,0.998026,1.0003772,0.99957436,0.9921884,0.9953321,0.99776286,0.9943036,0.994987,0.9994386,0.9961315,0.99584585,0.9929518
0.0,0.009952135,-0.022578983,0.0054503083,0.011038929,-0.017043382,0.0043769404,-0.011001203,-0.013263226,-0.01461355,-0.005602738,-0.016972095,0.023768112,-0.017538173,0.99134976,0.9938021,1.007032,1.0062585,0.99504584,0.9940207,0.9940811,0.98770213,1.0009115,1.0012065,0.9953178,0.99946886,0.99476784
0.0,0.010653816,-0.022363314,0.010129504,0.013971232,-0.020274632,-0.0017140284,-0.007048007,-0.015881047,-0.013859538,-0.00788558,-0.0060158446,0.014966714,-0.0045324117,0.99451745,1.0007969,1.0123188,1.0037483,0.9926298,0.9888358,0.9964343,0.99106634,0.9961267,1.0033667,0.99582475,1.0026097,0.995522
0.0,0.004184343,-0.005499879,0.0009980798,0.0052286536,-0.004012421,0.0029321015,-0.0054079443,-0.005086936,-0.004148485,-0.0062610228,-0.0072366223,0.013010528,-0.009022669,0.9945276,0.99939406,1.0042632,1.0007993,0.99230355,0.99360335,0.99723744,0.99271804,0.9958694,1.0002732,0.9957064,0.99745816,0.9930567
0.0,0.0028397813,-0.00463205,0.0053217635,0.008429155,-0.0062152594,0.0014227331,-0.0027957186,-0.006663248,-0.004012158,-0.00713796,-0.0020194277,0.009549347,-0.006318189,0.99777466,1.0012554,1.0061841,1.0002472,0.9912669,0.9923367,0.99848604,0.9947839,0.99294055,1.0015069,0.99684954,0.998884,0.9950689
0.0,0.0049668327,-0.008647317,0.0025351644,0.006387882,-0.006610997,0.0027433187,-0.005846236,-0.0068676844,-0.0062721632,-0.0059931157,-0.0082127005,0.014556669,-0.011286749,0.9948707,0.9988782,1.0047523,1.001495,0.99255097,0.99378175,0.9970314,0.9916229,0.99654126,1.0002916,0.9952354,0.9981756,0.9934192
0.0,0.008662373,-0.017590107,0.0038073808,0.008602276,-0.012973063,0.0027502626,-0.009128025,-0.010729574,-0.011379239,-0.005732476,-0.013284579,0.019773256,-0.013979717,0.9923005,0.9966966,1.0065867,1.0040802,0.9938858,0.9935696,0.99535817,0.9889004,0.9994032,1.0007564,0.99474764,0.99905455,0.993878
0.0,0.011412449,-0.026102265,0.009135947,0.014031604,-0.021784306,0.00091420114,-0.009671098,-0.016557992,-0.016112167,-0.0069955317,-0.012173254,0.020791091,-0.011025576,0.9924762,0.9964462,1.0105929,1.0056726,0.9941906,0.9909878,0.9948349,0.98894346,0.99912673,1.0029199,0.9955626,1.0017173,0.9956964
0.0,0.010445312,-0.020887213,0.0043761358,0.009871431,-0.015586793,0.0028370619,-0.010486379,-0.0123949945,-0.013299901,-0.0060931835,-0.014818378,0.021143327,-0.013174895,0.9911287,0.9962439,1.007839,1.0050781,0.99427676,0.9927942,0.9946487,0.9883227,1.0000689,1.0012215,0.9950254,0.9993981,0.9937462
0.0,3.4429133e-05,0.002945695,-0.0010392219,0.0030398667,0.0022779629,0.005207211,-0.0030460581,-0.0010088384,0.00021201186,-0.006122743,-0.0051693544,0.010939136,-0.01056584,0.9961218,0.9984274,1.0004721,0.99927497,0.9919836,0.99513173,0.9980853,0.99499375,0.9942286,0.9995976,0.99649036,0.99588543,0.9930686
0.0,0.006802231,-0.01219183,0.0019227937,0.0064599663,-0.008546233,0.0027335137,-0.007769745,-0.007859416,-0.008123947,-0.005767665,-0.011237394,0.01715574,-0.012335474,0.9929479,0.9978303,1.0052305,1.0025716,0.99322003,0.993842,0.99608237,0.990204,0.99831665,1.000313,0.9948318,0.9981062,0.9933187
0.0,0.01546485,-0.03310564,0.013562381,0.019420609,-0.030126043,-0.002448544,-0.00991424,-0.022407122,-0.02024771,-0.0097354315,-0.007784672,0.01819992,-0.0010404959,0.9919253,0.9992548,1.0160565,1.0065194,0.9938688,0.9855685,0.9948362,0.99050796,0.9973053,1.0056953,0.9969706,1.0047618,0.99616766
0.0,0.0009835511,-0.0002653133,0.002652526,0.006089531,-0.001973018,0.0029726177,-0.0024076551,-0.003776446,-0.0014791545,-0.006769089,-0.002668403,0.009647372,-0.008100385,0.99746317,1.0000722,1.0035162,0.9995348,0.9914702,0.99384636,0.9986181,0.9952845,0.99312073,1.0007387,0.99683857,0.99742424,0.9945781
0.0,-0.0008196905,0.00412941,-1.6644597e-05,0.0038113669,0.0023405924,0.0050468594,-0.0020442046,-0.0010632798,0.00084903836,-0.006374469,-0.0033892542,0.009643174,-0.009638875,0.99725795,0.9989489,1.0007828,0.9989336,0.9916103,0.9949642,0.9985427,0.995914,0.9930964,0.9999311,0.9970282,0.9960596,0.9935563
0.0,0.0009489432,9.7623095e-05,0.0003395602,0.004116364,-0.00018678606,0.004219942,-0.0034855045,-0.0025317073,-0.001434709,-0.0060743,-0.0055944547,0.011836117,-0.011416685,0.9962047,0.9984691,1.0014802,0.99974763,0.99207866,0.9951009,0.99802554,0.9941235,0.9947687,0.9998231,0.99606925,0.9965264,0.99370366
0.0,0.007941462,-0.015579043,0.0014915392,0.006772369,-0.010352828,0.004364729,-0.0099436045,-0.008759141,-0.010510927,-0.0050933277,-0.015929583,0.02143792,-0.017147027,0.99134064,0.9951442,1.0044641,1.0043291,0.99436116,0.9950022,0.9948294,0.9883838,1.0005985,0.99996364,0.99460626,0.9977415,0.99352527
0.0,0.010798812,-0.022271713,0.0062228665,0.011292033,-0.017562725,0.0015502647,-0.009756338,-0.01386112,-0.013913475,-0.0065604746,-0.01271699,0.019887663,-0.010949891,0.991966,0.9973097,1.009303,1.0048738,0.993909,0.99172676,0.99504215,0.9888038,0.9991439,1.0018672,0.9951668,1.0004191,0.9941864
0.0,0.0011498705,0.0004583355,-0.0003375113,0.0036850572,0.0004182905,0.0044888705,-0.0037050694,-0.0021949336,-0.0011063637,-0.0061005494,-0.0058104396,0.011645985,-0.010546522,0.995778,0.99863315,1.0014855,0.99970925,0.9920758,0.9948466,0.99787575,0.994233,0.9947738,0.9997481,0.99617463,0.99634683,0.9931786
1.0,0.0050952435,-0.008034455,0.0006077215,0.0049657747,-0.0051860735,0.003667906,-0.006652206,-0.0057598725,-0.0059739584,-0.0056424784,-0.010127485,0.015807632,-0.012750341,0.9936555,0.9979528,1.0035405,1.0016823,0.99300015,0.9944257,0.99662423,0.9910802,0.9975533,0.9997889,0.9949256,0.9974059,0.9928976
1.0,0.012180172,-0.033275127,0.013495676,0.023002908,-0.029796258,0.011178508,-0.014381871,-0.021706328,-0.022286562,-0.009011369,-0.021654766,0.030912988,-0.019795354,0.9904295,0.9843731,1.0094862,1.0119282,0.9980248,0.9928482,0.9912961,0.989471,1.0016451,1.0056171,1.0009499,1.0012454,0.9990911
1.0,0.0008624047,0.0004541222,-0.00031657517,0.003547497,0.000457339,0.0048758388,-0.00360208,-0.0022014305,-0.0014039604,-0.0058771493,-0.006238103,0.012287754,-0.012390639,0.9960495,0.99813575,1.0008091,0.999784,0.9922347,0.9953749,0.99792075,0.99389344,0.9950473,0.9995268,0.9959021,0.99631387,0.9932577
1.0,0.010397144,-0.026208354,0.007614851,0.016750827,-0.021240383,0.0130935535,-0.015284261,-0.015715264,-0.018621476,-0.006517293,-0.026096161,0.03177684,-0.02583362,0.989306,0.9847766,1.0060437,1.0115298,0.9980675,0.9962982,0.9910493,0.9874125,1.0028961,1.0023816,0.99951285,0.9983744,0.9969483
1.0,0.008567542,-0.01742996,0.0040249974,0.00870724,-0.013002388,0.0024229288,-0.008914374,-0.010756612,-0.011216294,-0.005839221,-0.012781747,0.019369276,-0.013445392,0.9924919,0.99695677,1.0067623,1.0039165,0.9937507,0.99342465,0.9954705,0.9890843,0.99919814,1.0008559,0.99478245,0.99914724,0.99397784
1.0,0.009066448,-0.018896585,0.0058956444,0.010221824,-0.015111417,0.001088269,-0.008288156,-0.012259081,-0.011880549,-0.006397333,-0.010738969,0.018094428,-0.010941032,0.9932027,0.9980694,1.0083934,1.0037706,0.9933795,0.9922506,0.99582416,0.9896029,0.9982859,1.0015734,0.9950003,1.0001597,0.9944717
1.0,0.0068375543,-0.014548039,0.0009014383,0.006160319,-0.009145677,0.0058317035,-0.010105306,-0.007919937,-0.010340126,-0.0043961024,-0.017712247,0.02299758,-0.021169486,0.99155366,0.99358994,1.0027497,1.0047796,0.99482197,0.9964273,0.9945302,0.98792964,1.0012847,0.9993731,0.99456596,0.99717647,0.99373597
1.0,-0.0017577186,0.0065027475,-0.0031873137,0.0010515004,0.0056888536,0.006904021,-0.0027124807,0.0013355836,0.0018329713,-0.005614943,-0.0062314495,0.011670531,-0.01350088,0.99598646,0.9967248,0.9974833,0.9988852,0.99226797,0.996475,0.99793315,0.9952975,0.99461055,0.9988801,0.9964026,0.99471354,0.9928135
1.0,0.0077361837,-0.016165545,0.006397262,0.010060184,-0.013624541,0.0006714165,-0.006745655,-0.011446446,-0.0103916805,-0.0065203505,-0.008121833,0.015720913,-0.009635715,0.9947463,0.9993094,1.0082713,1.0028516,0.99270976,0.9919902,0.99655867,0.99070716,0.99685514,1.0016071,0.9952301,1.000258,0.9946078
1.0,0.0100695565,-0.02359918,0.005100377,0.011867993,-0.017619058,0.0073114075,-0.012767658,-0.0134257525,-0.015782975,-0.0053847507,-0.021073028,0.02715541,-0.021573538,0.9901916,0.9906857,1.0060567,1.0080475,0.99616396,0.9952846,0.9928865,0.9870556,1.0022366,1.0011321,0.9962531,0.99870044,0.995197
1.0,0.009403288,-0.020805748,0.0070574284,0.011277959,-0.01691392,0.0012853742,-0.008414511,-0.0134667605,-0.0131653575,-0.006332582,-0.011093445,0.018984647,-0.0120834615,0.9934305,0.99745053,1.0086838,1.0043164,0.99365515,0.9921947,0.99566215,0.9892793,0.9984772,1.0017732,0.99500674,1.000697,0.9949141
1.0,0.010731988,-0.02785124,0.008967198,0.017989837,-0.02315744,0.012216352,-0.01492694,-0.017074108,-0.01929819,-0.0070246197,-0.024907619,0.031468727,-0.02432485,0.98968685,0.9849757,1.0069089,1.0114536,0.9979191,0.99552774,0.9911583,0.98777914,1.0026176,1.0031006,0.9996417,0.9990684,0.9974165
1.0,-0.005012743,0.01298548,-0.0022380129,0.001987055,0.008656926,0.007860571,0.0004235655,0.0029614195,0.005559329,-0.0065695085,-0.0010094047,0.0072322474,-0.009442773,0.99850017,0.9978729,0.9972066,0.9975367,0.9913265,0.99588555,0.99916726,0.9990226,0.9908938,0.9996249,0.998576,0.99441975,0.9933675
1.0,0.008443981,-0.017034953,0.0067298487,0.010546021,-0.014558375,9.2603266e-05,-0.006864395,-0.012066871,-0.010770934,-0.0069026733,-0.007642597,0.015372223,-0.008053067,0.99442106,0.99983215,1.0091535,1.0028793,0.99267507,0.99134797,0.9966487,0.9908068,0.99668264,1.0019011,0.99530995,1.0006305,0.99460435
1.0,0.010608204,-0.022859218,0.005555004,0.011133276,-0.017503798,0.0030263439,-0.01079282,-0.013592705,-0.014420785,-0.0060952445,-0.015533332,0.022404352,-0.014384676,0.9912026,0.9951915,1.0081365,1.0057503,0.99458843,0.9929656,0.99431384,0.98809826,1.0004194,1.001619,0.9952637,0.9997481,0.99452984
1.0,0.0120601505,-0.028317874,0.009092584,0.015113719,-0.023157261,0.0034913197,-0.011485303,-0.01740671,-0.017845986,-0.0068542017,-0.0159707,0.024199445,-0.014384039,0.99127984,0.99355835,1.0099356,1.0073427,0.9952699,0.9918675,0.9937044,0.98806363,1.0004172,1.0029075,0.99622405,1.0012509,0.9957442
1.0,0.007749483,-0.015395941,0.004605286,0.008781426,-0.012234017,0.0011095554,-0.0074891187,-0.0102764,-0.009755151,-0.0063370103,-0.009721763,0.016731922,-0.01054615,0.9935385,0.99853855,1.0073613,1.0028954,0.99305004,0.9927422,0.996281,0.9903364,0.9977956,1.0012509,0.99500746,0.99943405,0.99438673
1.0,0.0107767135,-0.023895057,0.0060757473,0.01180806,-0.018381909,0.0038385317,-0.011166865,-0.014188081,-0.015284019,-0.006006838,-0.016458604,0.02344589,-0.015810788,0.9911448,0.9942789,1.0080262,1.0063467,0.9949636,0.99320376,0.9940616,0.9878017,1.0006865,1.0016052,0.9954441,0.9998908,0.9947076
1.0,0.002907671,-0.003652867,-3.4928322e-05,0.00402613,-0.0020856932,0.004269704,-0.0052015632,-0.0037875548,-0.0035800477,-0.0056516193,-0.008384809,0.014130004,-0.012783588,0.9948324,0.99797696,1.0020152,1.0006887,0.9925932,0.99502134,0.9972108,0.9924024,0.99644166,0.99955815,0.9953355,0.9967567,0.9930086
1.0,0.0061882287,-0.009869264,0.0081532,0.0116141215,-0.011724651,-0.0009415597,-0.003294766,-0.010605268,-0.0068158917,-0.008453692,2.9303133e-05,0.007997071,0.00018745847,0.99725163,1.004148,1.0109235,1.0010309,0.990963,0.9889394,0.9985802,0.9949954,0.9918881,1.0029261,0.9974771,1.0011243,0.9949825
1.0,0.011201382,-0.029874878,0.011523895,0.022213764,-0.02675312,0.01469126,-0.015869478,-0.019534498,-0.021008864,-0.009002708,-0.025724322,0.033052612,-0.023704011,0.9895108,0.9818423,1.0076466,1.013006,0.99867076,0.99498427,0.9904494,0.9891119,1.0024794,1.0050353,1.001982,0.9993458,0.9989871
1.0,0.003692776,-0.0053447094,0.0011259168,0.0050760806,-0.0038821772,0.0036359504,-0.0051482394,-0.0050693974,-0.004540709,-0.0059506744,-0.0076940507,0.013836874,-0.011777356,0.995029,0.99867815,1.003243,1.0008862,0.9925389,0.9943697,0.9973967,0.9922834,0.9961456,0.9999013,0.9953277,0.99747556,0.99315935
1.0,0.0064345226,-0.009714073,0.004957691,0.008987337,-0.009334862,0.00038485974,-0.004953712,-0.008954123,-0.0063828584,-0.00758251,-0.0038014576,0.010513168,-0.002769677,0.99537957,1.0024935,1.0089581,1.0011998,0.991625,0.990554,0.9977537,0.9934621,0.99398315,1.0018135,0.9965584,0.9997443,0.99354523
1.0,0.0027071238,-0.0031894948,-0.0007901266,0.0034460574,-0.0013871416,0.0043706223,-0.005561009,-0.0031379387,-0.0032208906,-0.005509752,-0.009188153,0.0146462545,-0.013346884,0.99430346,0.997444,1.0014513,1.0007302,0.9927265,0.9953753,0.9969645,0.9922886,0.9968894,0.9994425,0.99527395,0.99633163,0.9930927
1.0,0.009917378,-0.020424617,0.0039052367,0.009486362,-0.0149631575,0.0034827366,-0.01070975,-0.0118585825,-0.013094801,-0.0057644285,-0.015919026,0.022126714,-0.015128441,0.99099725,0.9952769,1.0069672,1.0052978,0.99452055,0.9936188,0.9944276,0.98808986,1.0005952,1.0010023,0.99500567,0.99897003,0.99401504
1.0,0.0018979535,0.00011378899,0.0035838708,0.0076071545,-0.0027503148,0.0021472946,-0.001848463,-0.004669763,-0.00072127394,-0.007853378,0.0003299415,0.006328644,-0.00094359554,0.9975339,1.0029361,1.0065675,0.9994094,0.99082345,0.99135536,0.99905264,0.9970579,0.9909238,1.0017095,0.99834484,0.9982274,0.9940325
1.0,0.0121175125,-0.028091552,0.008709468,0.014814042,-0.022988431,0.002876915,-0.011491077,-0.017193444,-0.017440205,-0.007003301,-0.015747871,0.023916088,-0.013455311,0.9910197,0.99391913,1.010119,1.0071251,0.9951059,0.99173117,0.99371445,0.9882165,1.0005034,1.0030885,0.9961686,1.0010988,0.99582523
1.0,0.0054783225,-0.00930891,0.0022914484,0.0063667297,-0.0069798306,0.002489388,-0.0062382184,-0.007013634,-0.0064760214,-0.006069581,-0.008568384,0.014801322,-0.010714555,0.9942959,0.99889475,1.0050888,1.0016246,0.9926419,0.99361014,0.9968901,0.9914654,0.9968148,1.0003929,0.9951982,0.9981679,0.99341714
1.0,0.01350411,-0.03576628,0.015494272,0.02588778,-0.032979824,0.011563987,-0.014762796,-0.024012506,-0.024154752,-0.010391771,-0.020493627,0.03080602,-0.017196674,0.990246,0.9836509,1.0106475,1.0124415,0.99830675,0.9913893,0.99133116,0.99031234,1.0010204,1.006774,1.0019913,1.0020536,0.99952537
1.0,0.003310822,-0.0048904177,0.00040607154,0.0044200197,-0.0030707195,0.00398501,-0.005490102,-0.004387364,-0.004280393,-0.0056030843,-0.0087880045,0.014681254,-0.013242946,0.9947254,0.997843,1.0023551,1.0009537,0.9926937,0.9950436,0.9971058,0.99200934,0.9967569,0.9996318,0.9951836,0.9969753,0.9932317
1.0,0.013596967,-0.03174691,0.009971499,0.01845733,-0.02676446,0.0067284256,-0.014126448,-0.019564703,-0.02041117,-0.008121738,-0.019929644,0.027984641,-0.015446726,0.989294,0.98959744,1.0103391,1.0098122,0.99659675,0.99185556,0.9921187,0.98820573,1.0015894,1.0042574,0.9983175,1.0007364,0.9966565
1.0,0.0037637502,-0.005366167,0.00042572618,0.0045574084,-0.003432095,0.0037588924,-0.005675085,-0.0046284497,-0.0044398904,-0.005752095,-0.008720808,0.01450666,-0.012284955,0.99444747,0.9981595,1.0028528,1.0010042,0.9926679,0.99466777,0.9970597,0.9920108,0.99672884,0.9997492,0.99523246,0.99709284,0.99309546
1.0,0.004245095,-0.0066403244,0.0016440675,0.0056172907,-0.0049770847,0.0029075593,-0.005503591,-0.005680591,-0.0050166696,-0.00605595,-0.007775344,0.013957359,-0.010910123,0.994772,0.99883354,1.004073,1.0010681,0.99248064,0.9940527,0.99722505,0.9921501,0.996304,1.0001888,0.99537337,0.9976903,0.9934672
1.0,0.008632712,-0.019707864,0.0020196587,0.009278014,-0.013562404,0.008968733,-0.013407595,-0.010415971,-0.013846046,-0.004642059,-0.023815382,0.028459165,-0.025120383,0.9893478,0.98941165,1.0034974,1.0081356,0.99645585,0.9971288,0.99237365,0.98675126,1.0033886,1.0002258,0.99622285,0.9968978,0.9949494
1.0,0.006832637,-0.013555413,0.0035103336,0.007633589,-0.010212161,0.0022674948,-0.007386679,-0.009028293,-0.008982951,-0.005825174,-0.010534324,0.01717231,-0.0127301905,0.993735,0.9978766,1.0058419,1.0027378,0.9931659,0.99370414,0.99626726,0.9901542,0.9980329,1.0005947,0.9948288,0.9987856,0.99393314
1.0,0.008250378,-0.016327886,0.003582023,0.0082182735,-0.012054943,0.0023870394,-0.008655518,-0.010162249,-0.010534026,-0.0058416855,-0.0123449825,0.018752508,-0.012925557,0.9926089,0.9973092,1.0065501,1.0035852,0.9935799,0.99341726,0.99560815,0.98934025,0.9989576,1.0007564,0.9947877,0.9989429,0.9937639
1.0,0.010790259,-0.023815764,0.0064857006,0.01192046,-0.018648006,0.0027167276,-0.010600222,-0.014387451,-0.014963806,-0.0062542195,-0.0149690285,0.022295596,-0.014031696,0.9914998,0.9952535,1.0086513,1.0058464,0.9945819,0.9926444,0.9944113,0.9881929,1.0001822,1.0018908,0.99534005,1.0002248,0.9948545
1.0,0.0020881146,-0.0014926139,-0.00045201927,0.003667526,-0.0006367713,0.0043499917,-0.004556481,-0.0028264523,-0.0022113957,-0.0058760336,-0.007204607,0.012877121,-0.011420858,0.99510187,0.99831116,1.001728,1.0001726,0.99234015,0.9949004,0.9974862,0.9933277,0.99567914,0.9996467,0.99574983,0.9964586,0.99302703
1.0,0.0102934465,-0.023161484,0.006185405,0.011551417,-0.017907701,0.0033502579,-0.010621527,-0.013890199,-0.014759652,-0.0059693316,-0.015636083,0.022800907,-0.015633188,0.9916197,0.9946901,1.0079051,1.0059483,0.9947412,0.9932513,0.9943393,0.988013,1.0004196,1.0015692,0.9952901,0.999966,0.99485415
1.0,0.008421354,-0.016635792,0.003920205,0.0085219,-0.012480155,0.00203906,-0.008581417,-0.010464653,-0.010638222,-0.0060079778,-0.011925768,0.018425884,-0.012143701,0.9926771,0.997625,1.0069764,1.0035448,0.9934823,0.99309874,0.99565846,0.9894661,0.9987638,1.0009296,0.99485654,0.99913734,0.9938114
1.0,0.014792055,-0.02935795,0.009864494,0.016180754,-0.02588562,-0.0028689578,-0.010255346,-0.019446544,-0.017158503,-0.009437232,-0.008913711,0.017588228,6.3013285e-06,0.99067146,1.0003822,1.0153354,1.0056745,0.99359953,0.9867233,0.99490756,0.9903206,0.99772215,1.0050721,0.996515,1.0030682,0.99510497
1.0,0.010251962,-0.02254727,0.006187387,0.011305414,-0.017539218,0.0025979578,-0.010119898,-0.013720617,-0.014257886,-0.006104526,-0.0143742375,0.021614663,-0.014107253,0.99193025,0.9956938,1.0082606,1.005417,0.99437517,0.99281234,0.99468213,0.9883311,0.9999083,1.0016236,0.9951573,1.0001144,0.9946668
1.0,0.0072952807,-0.013862206,0.0048742592,0.008866757,-0.011533745,0.0005081892,-0.0066497624,-0.009924829,-0.00872561,-0.0067124628,-0.0077680945,0.014826043,-0.008179067,0.9941701,0.9997288,1.0078802,1.0022844,0.99256474,0.9921221,0.99674666,0.9912571,0.996698,1.0014962,0.9953529,0.9995759,0.99435735
1.0,-0.005454533,0.0138379615,-0.0031885803,0.0011165813,0.009793118,0.0083341785,0.00022964925,0.0038040727,0.005992327,-0.006314843,-0.0018444806,0.007813054,-0.010574678,0.99813324,0.99705946,0.99611324,0.9974802,0.99148744,0.9963797,0.9989231,0.9989199,0.99133337,0.9993154,0.9984152,0.99396795,0.99322826
1.0,0.0064345226,-0.009714073,0.004957691,0.008987337,-0.009334862,0.00038485974,-0.004953712,-0.008954123,-0.0063828584,-0.00758251,-0.0038014576,0.010513168,-0.002769677,0.99537957,1.0024935,1.0089581,1.0011998,0.991625,0.990554,0.9977537,0.9934621,0.99398315,1.0018135,0.9965584,0.9997443,0.99354523
1.0,0.0027071238,-0.0031894948,-0.0007901266,0.0034460574,-0.0013871416,0.0043706223,-0.005561009,-0.0031379387,-0.0032208906,-0.005509752,-0.009188153,0.0146462545,-0.013346884,0.99430346,0.997444,1.0014513,1.0007302,0.9927265,0.9953753,0.9969645,0.9922886,0.9968894,0.9994425,0.99527395,0.99633163,0.9930927
1.0,0.015011415,-0.031636983,0.008680016,0.017651707,-0.026384443,0.0059087873,-0.014854506,-0.019227348,-0.020478208,-0.008564421,-0.019838482,0.027084192,-0.012751094,0.9880707,0.9911117,1.011011,1.0095961,0.99636424,0.99083626,0.9921386,0.9880627,1.0016092,1.0041406,0.9980662,1.0004599,0.9955739
1.0,0.0061967447,-0.013328975,0.0020459443,0.0064698085,-0.00895597,0.004577443,-0.008381661,-0.008093178,-0.00950508,-0.004790958,-0.014213942,0.020329714,-0.018798975,0.9931054,0.995363,1.0033832,1.00367,0.9941382,0.9956869,0.9956009,0.9888556,0.9997082,0.9995815,0.9944163,0.99791825,0.99377626
1.0,-0.003497161,0.010459831,-0.0032236576,0.001122877,0.007905439,0.0075848736,-0.0011202246,0.0026099682,0.004217591,-0.0061516147,-0.0035151616,0.009095838,-0.010748579,0.9970284,0.9973432,0.9971669,0.9980737,0.99176455,0.9960038,0.99849683,0.9974383,0.9926284,0.99919873,0.99760616,0.9944169,0.99280655
1.0,0.010650553,-0.02769634,0.008587979,0.016328245,-0.022529788,0.009300265,-0.013624502,-0.016709417,-0.018519493,-0.006431723,-0.022347081,0.029498972,-0.022514967,0.99033105,0.9876251,1.0072929,1.0100173,0.9971171,0.99492216,0.9920129,0.98757124,1.0022328,1.0026897,0.998138,0.9996491,0.9969476
1.0,0.008374356,-0.017012859,0.003959015,0.008594215,-0.012745298,0.0021933764,-0.008732714,-0.010554127,-0.010871923,-0.005880042,-0.012417469,0.019037178,-0.013061564,0.9925773,0.9971288,1.0067663,1.0037428,0.9936435,0.9934072,0.99555725,0.98927325,0.99906266,1.000922,0.9948046,0.9990931,0.9940861
1.0,0.0018032715,-0.0014531966,-0.0006944686,0.0033293515,-0.00035971403,0.004812576,-0.004687816,-0.0026290715,-0.0024358118,-0.005565224,-0.0080672875,0.013752963,-0.013417273,0.99515265,0.9976144,1.0009072,1.0003037,0.99253505,0.9955183,0.9973714,0.9929042,0.99616385,0.99934435,0.9954754,0.9962752,0.9930358
1.0,0.006832637,-0.013555413,0.0035103336,0.007633589,-0.010212161,0.0022674948,-0.007386679,-0.009028293,-0.008982951,-0.005825174,-0.010534324,0.01717231,-0.0127301905,0.993735,0.9978766,1.0058419,1.0027378,0.9931659,0.99370414,0.99626726,0.9901542,0.9980329,1.0005947,0.9948288,0.9987856,0.99393314
1.0,0.008250378,-0.016327886,0.003582023,0.0082182735,-0.012054943,0.0023870394,-0.008655518,-0.010162249,-0.010534026,-0.0058416855,-0.0123449825,0.018752508,-0.012925557,0.9926089,0.9973092,1.0065501,1.0035852,0.9935799,0.99341726,0.99560815,0.98934025,0.9989576,1.0007564,0.9947877,0.9989429,0.9937639
1.0,0.0050952435,-0.008034455,0.0006077215,0.0049657747,-0.0051860735,0.003667906,-0.006652206,-0.0057598725,-0.0059739584,-0.0056424784,-0.010127485,0.015807632,-0.012750341,0.9936555,0.9979528,1.0035405,1.0016823,0.99300015,0.9944257,0.99662423,0.9910802,0.9975533,0.9997889,0.9949256,0.9974059,0.9928976
1.0,0.012180172,-0.033275127,0.013495676,0.023002908,-0.029796258,0.011178508,-0.014381871,-0.021706328,-0.022286562,-0.009011369,-0.021654766,0.030912988,-0.019795354,0.9904295,0.9843731,1.0094862,1.0119282,0.9980248,0.9928482,0.9912961,0.989471,1.0016451,1.0056171,1.0009499,1.0012454,0.9990911
1.0,0.005079925,-0.006986996,0.00089306384,0.0054029003,-0.0049633607,0.0024828836,-0.006122105,-0.0056178197,-0.004784816,-0.006359024,-0.007973075,0.013512902,-0.008304145,0.9937342,0.9994834,1.0049404,1.0011455,0.9924512,0.9932341,0.9969051,0.9923321,0.99633837,1.0004549,0.99562883,0.9975681,0.99298066
1.0,0.0053553507,-0.009148797,0.0018994957,0.0060539246,-0.0066929385,0.00258971,-0.0064137354,-0.0066939816,-0.0063761547,-0.0059666857,-0.009071507,0.01526139,-0.011435665,0.99401003,0.99848056,1.0046816,1.0016811,0.99278325,0.9939468,0.99680966,0.99131656,0.99714756,1.0003011,0.99508744,0.99795485,0.9935732
1.0,0.005002387,-0.008312425,0.0018732622,0.0059222654,-0.0060899183,0.0028673708,-0.006056104,-0.0064353794,-0.0060013533,-0.0059557613,-0.008607015,0.014759496,-0.011316738,0.99442357,0.9986879,1.0044737,1.0014712,0.99265224,0.99393004,0.9969538,0.99157184,0.99678844,1.0001993,0.99518156,0.99791396,0.9933296
1.0,0.012424491,-0.033003062,0.013297036,0.022943713,-0.02945377,0.011617925,-0.014704853,-0.021517664,-0.022347655,-0.009026584,-0.022068981,0.031021565,-0.019912135,0.9901956,0.98427415,1.0094239,1.0120214,0.9981155,0.9929706,0.9913028,0.98923093,1.0015198,1.0053556,1.0009892,1.0010681,0.998757
1.0,0.0049981624,-0.0076727252,0.0015189573,0.005730115,-0.00558573,0.002664283,-0.0060249977,-0.0060775205,-0.005430118,-0.0061381264,-0.008208603,0.014121718,-0.009915797,0.9942078,0.99907875,1.0047071,1.0012826,0.99251604,0.9936154,0.99696237,0.9919496,0.99653214,1.00032,0.99539477,0.9977724,0.99319535
1.0,0.009225257,-0.025131969,0.017690316,0.03443279,-0.029179655,0.02985571,-0.018900756,-0.02206242,-0.022932414,-0.015458974,-0.030383501,0.037697643,-0.028509643,0.99059266,0.967864,1.0054328,1.0178586,1.0016556,0.9977384,0.98917437,0.99427605,1.0013385,1.0091542,1.0114332,0.99766606,1.0038865
1.0,0.0059057847,-0.010949129,0.0020537525,0.006258577,-0.0077222735,0.0030406192,-0.007142201,-0.00737828,-0.007608871,-0.005610291,-0.0107215345,0.016877051,-0.013470609,0.9936867,0.9976471,1.0045023,1.0023011,0.9931509,0.99432737,0.99637955,0.9904147,0.99802315,1.000098,0.99478817,0.9980335,0.99349904
1.0,0.008554354,-0.017795203,0.0038421452,0.008646093,-0.013054557,0.0029806942,-0.009279501,-0.010752395,-0.011540946,-0.005600241,-0.013819583,0.02029676,-0.014830857,0.9922888,0.99625665,1.006347,1.0042582,0.9939985,0.99384224,0.99520534,0.9887342,0.99965787,1.0007037,0.9947504,0.99897194,0.9940013
1.0,0.010962702,-0.02319896,0.007843047,0.012516625,-0.019266285,0.00018645078,-0.008952089,-0.015024796,-0.014246599,-0.0070518535,-0.010534279,0.01858282,-0.008758037,0.99271,0.998307,1.0105827,1.0046024,0.99355596,0.9907316,0.99546635,0.98944896,0.99826854,1.0025659,0.99532485,1.0013335,0.99485964
1.0,-0.0014977604,0.0062403437,-0.002261199,0.0019496679,0.004941687,0.0063039586,-0.0023647994,0.00074148923,0.0019732807,-0.0060252277,-0.0048075616,0.010376845,-0.011004944,0.99637085,0.9977933,0.9988241,0.99876785,0.99193573,0.995658,0.9981735,0.99590415,0.99375474,0.9993247,0.9968675,0.9951204,0.9928903
1.0,0.007038966,-0.013681902,0.0022714585,0.0068142638,-0.009524211,0.0032617897,-0.00831628,-0.008463465,-0.009220008,-0.0054345587,-0.012711685,0.018754585,-0.014710629,0.9928044,0.9968068,1.0049021,1.0031959,0.993617,0.9943873,0.99574256,0.9894522,0.99907386,1.000145,0.99463385,0.9981872,0.9935378
1.0,0.009129688,-0.019140178,0.0058707744,0.010241054,-0.015237659,0.0012539476,-0.008429041,-0.012323774,-0.012066196,-0.006341066,-0.011083655,0.018438416,-0.011399679,0.9930986,0.9978268,1.00829,1.0038989,0.9934842,0.99236816,0.9957497,0.9894594,0.9984578,1.0015289,0.99496657,1.0001411,0.9944899
1.0,0.0068375543,-0.014548039,0.0009014383,0.006160319,-0.009145677,0.0058317035,-0.010105306,-0.007919937,-0.010340126,-0.0043961024,-0.017712247,0.02299758,-0.021169486,0.99155366,0.99358994,1.0027497,1.0047796,0.99482197,0.9964273,0.9945302,0.98792964,1.0012847,0.9993731,0.99456596,0.99717647,0.99373597
1.0,-0.0017577186,0.0065027475,-0.0031873137,0.0010515004,0.0056888536,0.006904021,-0.0027124807,0.0013355836,0.0018329713,-0.005614943,-0.0062314495,0.011670531,-0.01350088,0.99598646,0.9967248,0.9974833,0.9988852,0.99226797,0.996475,0.99793315,0.9952975,0.99461055,0.9988801,0.9964026,0.99471354,0.9928135
1.0,0.005580537,-0.010270411,0.0015380234,0.0057936534,-0.0069870353,0.0033353716,-0.0071771853,-0.00684572,-0.0072395066,-0.0054576267,-0.011078484,0.017071806,-0.0140689025,0.9935917,0.9973559,1.0039657,1.0022537,0.99320036,0.99465203,0.99630994,0.9904065,0.9981835,0.9999404,0.9947566,0.9977257,0.9934517
1.0,0.014213055,-0.036073536,0.014631726,0.023511074,-0.032367885,0.0076514333,-0.013695553,-0.023580395,-0.02353593,-0.00954232,-0.017928746,0.028364632,-0.014331366,0.9904167,0.98761344,1.0117197,1.0108943,0.9972845,0.99023104,0.99214077,0.9895683,1.0005687,1.0060239,0.9999411,1.0027595,0.9983888
1.0,-0.005533181,0.014783179,-0.0037950128,0.00080844015,0.010617077,0.008611124,0.00031999126,0.0043402016,0.006776465,-0.0064810533,-0.0014497042,0.007132431,-0.008957285,0.99775237,0.99726033,0.996169,0.99737567,0.9914559,0.99593955,0.99887913,0.9995218,0.9909491,0.9993924,0.9987999,0.99382263,0.9929631
1.0,0.011997655,-0.027794207,0.008236609,0.014576942,-0.022495426,0.0036429837,-0.011874553,-0.016831823,-0.017407008,-0.0068420162,-0.016788952,0.024641007,-0.01461511,0.99074405,0.99326307,1.0096117,1.0073955,0.99532545,0.99221486,0.99348587,0.9879955,1.0008538,1.0028793,0.99625915,1.0007325,0.99572676
1.0,-0.0060960203,0.015854683,-0.002475433,0.002137661,0.010274537,0.008157037,0.00130843,0.00411018,0.007567961,-0.007054381,0.00089699775,0.005252389,-0.006422423,0.9986502,0.99830484,0.9973446,0.99713874,0.9910675,0.9953207,0.9994717,1.0008093,0.9894112,1.0000021,0.99974394,0.99411726,0.99366695
1.0,-0.005147092,0.013046401,-0.0048835203,-0.00050833076,0.01039201,0.00876309,-0.0009142943,0.0044733956,0.005139407,-0.005596432,-0.004868768,0.010467621,-0.014700357,0.9968952,0.9952836,0.994192,0.9978365,0.9921497,0.99761105,0.9983361,0.99733424,0.99332565,0.9985607,0.9972618,0.9934395,0.9930933
1.0,-0.005301282,0.014682376,-0.0023231134,0.0023454726,0.009563029,0.008022677,0.00091576576,0.0034702197,0.007058613,-0.0070575876,0.0006798953,0.005187027,-0.005399812,0.9984431,0.99891406,0.9981984,0.99734676,0.99100274,0.99475753,0.9993032,1.0005723,0.98950493,1.0000558,0.9997419,0.9943954,0.99314046
1.0,0.014411062,-0.032085434,0.0110183135,0.017675996,-0.027599685,0.0009705797,-0.011708047,-0.020401366,-0.019625774,-0.00859812,-0.013478465,0.022693846,-0.0078864,0.9905734,0.99530655,1.0130619,1.0074472,0.9949386,0.98891354,0.99374926,0.9889758,0.99961203,1.0046538,0.9967982,1.0026459,0.9960288
1.0,0.0049981624,-0.0076727252,0.0015189573,0.005730115,-0.00558573,0.002664283,-0.0060249977,-0.0060775205,-0.005430118,-0.0061381264,-0.008208603,0.014121718,-0.009915797,0.9942078,0.99907875,1.0047071,1.0012826,0.99251604,0.9936154,0.99696237,0.9919496,0.99653214,1.00032,0.99539477,0.9977724,0.99319535
1.0,0.009225257,-0.025131969,0.017690316,0.03443279,-0.029179655,0.02985571,-0.018900756,-0.02206242,-0.022932414,-0.015458974,-0.030383501,0.037697643,-0.028509643,0.99059266,0.967864,1.0054328,1.0178586,1.0016556,0.9977384,0.98917437,0.99427605,1.0013385,1.0091542,1.0114332,0.99766606,1.0038865
1.0,0.013596967,-0.03174691,0.009971499,0.01845733,-0.02676446,0.0067284256,-0.014126448,-0.019564703,-0.02041117,-0.008121738,-0.019929644,0.027984641,-0.015446726,0.989294,0.98959744,1.0103391,1.0098122,0.99659675,0.99185556,0.9921187,0.98820573,1.0015894,1.0042574,0.9983175,1.0007364,0.9966565
1.0,0.0037637502,-0.005366167,0.00042572618,0.0045574084,-0.003432095,0.0037588924,-0.005675085,-0.0046284497,-0.0044398904,-0.005752095,-0.008720808,0.01450666,-0.012284955,0.99444747,0.9981595,1.0028528,1.0010042,0.9926679,0.99466777,0.9970597,0.9920108,0.99672884,0.9997492,0.99523246,0.99709284,0.99309546
1.0,0.0035571605,-0.0057281572,0.0029240474,0.006502107,-0.005274527,0.0023600608,-0.0043583624,-0.005941808,-0.0045237783,-0.0064209765,-0.005575292,0.012403763,-0.009629934,0.99596393,0.99961144,1.0046223,1.0006543,0.99207497,0.9936579,0.9978175,0.9930724,0.9951052,1.000609,0.9957767,0.99811774,0.99411476
1.0,0.005345531,-0.009656565,0.0008590892,0.0051340386,-0.0061003193,0.0046839043,-0.0072274283,-0.0064589977,-0.007437516,-0.0051208446,-0.012049641,0.017764237,-0.016323278,0.9936516,0.9968536,1.0028366,1.0024744,0.9935659,0.99513584,0.9962728,0.9899732,0.9984536,0.9993415,0.9944945,0.9975602,0.9927513
1.0,0.0039808974,-0.0061851647,0.0010516793,0.0050786138,-0.0042915344,0.0033807456,-0.0056616813,-0.0051935017,-0.004859696,-0.005812791,-0.008497216,0.0145143885,-0.012096036,0.994611,0.9983052,1.0033408,1.0011045,0.9926266,0.9945171,0.9970907,0.99194014,0.9966704,0.9999274,0.9952327,0.99736935,0.9933448
1.0,0.010629095,-0.027138257,0.008045748,0.015445769,-0.0217705,0.008484509,-0.013334492,-0.016221456,-0.018039053,-0.006252856,-0.021791082,0.028819729,-0.021951992,0.9903912,0.9885722,1.0072302,1.0095137,0.99682724,0.9947901,0.9922396,0.9874402,1.0021791,1.0024145,0.99762297,0.9996107,0.9965453
1.0,0.0068719536,-0.013282018,0.0031573325,0.0073839426,-0.0098509565,0.0023467392,-0.0074989274,-0.008787796,-0.008792923,-0.005831682,-0.010686874,0.017123295,-0.012490348,0.99354124,0.9979267,1.0057707,1.0026983,0.99315816,0.99368,0.9962107,0.9901696,0.9980801,1.000539,0.9948447,0.99863756,0.9937419
1.0,-0.0015844256,0.0055623576,-0.0024740323,0.0015587062,0.0047402307,0.0066955723,-0.0026564486,0.00065066665,0.0011283774,-0.0055886144,-0.006219603,0.0119845085,-0.014364234,0.99635863,0.9967987,0.99773717,0.9990345,0.9923133,0.9966105,0.9980644,0.99493337,0.9947051,0.99890286,0.9961993,0.9950235,0.99301547
1.0,0.005098298,-0.008850707,0.00701838,0.0102608055,-0.010022253,-0.000220716,-0.0035280176,-0.009169161,-0.00614518,-0.007717748,-0.0016240403,0.009405856,-0.0032884814,0.9971405,1.0024706,1.0089164,1.0009291,0.99124616,0.99055994,0.9982311,0.9944341,0.9929975,1.0023133,0.99691844,1.0001628,0.9952881
1.0,0.011826187,-0.029660894,0.009606466,0.018021204,-0.02471622,0.009458713,-0.014224349,-0.01817967,-0.019758249,-0.007262406,-0.022225581,0.029703181,-0.020610645,0.98983526,0.98726976,1.0083798,1.0104964,0.9972576,0.9939542,0.99178874,0.9878852,1.0020465,1.0034539,0.9987632,1.0000148,0.9970978
1.0,0.013342805,-0.02966627,0.008702926,0.01584424,-0.024245664,0.0043701455,-0.012845518,-0.01802332,-0.018834375,-0.0073761875,-0.017528158,0.02529167,-0.013650632,0.98991364,0.992797,1.0104271,1.0081538,0.9956856,0.991477,0.99312633,0.98790216,1.0008936,1.003238,0.99678236,1.0009387,0.99546
1.0,-0.0026606098,0.00869081,-0.0016787052,0.0025302246,0.0059015527,0.006446399,-0.0010898672,0.0012546405,0.0034598447,-0.0065121334,-0.0024245754,0.008321398,-0.008791456,0.99737614,0.99853,0.99908245,0.99822956,0.99150836,0.9952284,0.9987443,0.9974757,0.9921201,0.99971986,0.9978092,0.99512124,0.99319726
1.0,0.017733864,-0.04027006,0.016851291,0.030797541,-0.03936699,0.01057281,-0.016742269,-0.028441928,-0.027276888,-0.014423526,-0.01791637,0.029837478,-0.008175158,0.98779315,0.9838075,1.0134747,1.0133924,0.99841076,0.9874093,0.9913658,0.99250996,1.0004768,1.0099112,1.0040001,1.0026447,1.0000339
1.0,0.008479148,-0.018301332,0.0045465007,0.009159744,-0.013745472,0.0027881786,-0.009080019,-0.0112129,-0.011860071,-0.0056519797,-0.013504066,0.020323914,-0.015084706,0.992621,0.9961801,1.0065345,1.0043339,0.99401003,0.99381,0.99529,0.98876196,0.9995454,1.0008379,0.99476784,0.99927354,0.9943552
1.0,0.006710224,-0.012700861,0.002008006,0.0064931214,-0.008795194,0.0031995773,-0.0080006495,-0.00799074,-0.008627379,-0.005492692,-0.0121593475,0.018170133,-0.014262003,0.99295205,0.9970721,1.0047189,1.0028923,0.99348444,0.9943828,0.99593633,0.9897445,0.99879634,1.0001009,0.9946581,0.9980699,0.993483
1.0,-0.003405109,0.009475339,-0.0012958795,0.0027144328,0.0061689913,0.0065839104,-0.00060337037,0.001428023,0.0037343577,-0.0064453203,-0.0019749552,0.008183848,-0.009593518,0.9980495,0.99828804,0.9986526,0.9980718,0.99140036,0.99560624,0.9989094,0.9977526,0.99180895,0.99974346,0.9979366,0.99502313,0.99355775
1.0,0.007486455,-0.015014445,0.0039361566,0.00816223,-0.011384875,0.0021622777,-0.007775642,-0.00980489,-0.009827781,-0.0058900863,-0.0109632425,0.017686207,-0.012680009,0.9934602,0.9977812,1.0063587,1.0030904,0.9933068,0.99345434,0.99609077,0.9898372,0.9982714,1.0007316,0.9948025,0.9990711,0.9939554
1.0,0.008393228,-0.017541097,0.0020752028,0.007640086,-0.011816189,0.0053790286,-0.010770032,-0.009709969,-0.011923835,-0.0048443265,-0.017825171,0.023319826,-0.01940212,0.9910445,0.99384695,1.004435,1.0053525,0.9949122,0.9954164,0.9942618,0.9876948,1.0013111,0.99994123,0.99478614,0.99785453,0.99375355
1.0,0.007834099,-0.020425068,0.0041764677,0.01031512,-0.014509626,0.009023145,-0.011945173,-0.01158566,-0.014531571,-0.004273583,-0.02193892,0.027579218,-0.02647916,0.9913587,0.98984355,1.0036304,1.0080427,0.99655855,0.9971203,0.9930895,0.9867288,1.002278,0.9999201,0.99597144,0.99821025,0.99499434
1.0,-0.018770672,0.039626796,-0.0005973503,0.0059534535,0.02138428,0.01576624,0.011172663,0.011418134,0.020247906,-0.008927644,0.014056407,-0.005226546,0.0022774395,1.0052973,0.9974072,0.9932943,0.99484706,0.9891637,0.99477893,1.0019996,1.0145539,0.9774421,1.0023818,1.0095832,0.9910343,0.9975053
1.0,-0.0055368394,0.0150154,-0.0024863854,0.0021720082,0.009871833,0.0081289,0.0009653978,0.0037121326,0.0072260164,-0.0069929715,0.0005906001,0.0052947463,-0.0057919584,0.9984604,0.99865806,0.99786216,0.9972952,0.9910293,0.9949594,0.9992826,1.0006002,0.98955345,0.9999994,0.9997176,0.994262,0.9932158
1.0,0.012410201,-0.03307852,0.01295048,0.021475166,-0.028961904,0.009275261,-0.013723783,-0.021226354,-0.021853002,-0.0083704265,-0.020364217,0.029566575,-0.018736476,0.9906966,0.9865363,1.0097811,1.0110129,0.9974837,0.9924195,0.99180835,0.9888626,1.0012956,1.0049163,0.9997177,1.0015713,0.9982206
1.0,0.004344657,-0.0076482613,0.0014416203,0.0053773522,-0.0053265393,0.003687948,-0.005963601,-0.0059278235,-0.005961799,-0.0055545056,-0.009407274,0.015646975,-0.013974441,0.99462944,0.99779963,1.0032115,1.0015584,0.9929327,0.9948293,0.99695736,0.9912216,0.997197,0.9997755,0.9948957,0.99762714,0.9933872
1.0,0.01284086,-0.029499179,0.010155655,0.015971728,-0.02477175,0.0017794073,-0.01098913,-0.018549643,-0.018268494,-0.0074876742,-0.013830751,0.02267138,-0.011027572,0.99150634,0.9950543,1.0114359,1.0069284,0.99482375,0.9904244,0.994064,0.98858815,0.9996761,1.0035671,0.9962112,1.0020868,0.9958503
1.0,0.0076898634,-0.015857985,0.0039975643,0.008323409,-0.011908375,0.0023539662,-0.0081685595,-0.010093898,-0.010329921,-0.0057532666,-0.011805441,0.018514166,-0.013539347,0.9932128,0.99726266,1.0062934,1.003431,0.99350166,0.99365115,0.9958251,0.98949414,0.9987064,1.0007268,0.9947595,0.99904823,0.9940684
1.0,0.011674903,-0.03229469,0.015541591,0.027576298,-0.030860126,0.017784532,-0.01614901,-0.02266632,-0.023598205,-0.010972591,-0.024830021,0.033720512,-0.022835914,0.99027777,0.9785104,1.0084001,1.0143449,0.99961406,0.994095,0.990387,0.990839,1.0013807,1.0067642,1.0045772,1.0004244,1.0005049
1.0,0.00045137852,0.0012841653,-0.0012737736,0.002709888,0.0015718192,0.00539314,-0.0038419105,-0.0013657808,-0.0009919116,-0.0055820486,-0.0071695894,0.012934205,-0.013632903,0.9956988,0.99739116,0.99978757,0.9997703,0.9923989,0.9959386,0.9976889,0.9937374,0.9955281,0.9992185,0.9957699,0.9958061,0.99313676
1.0,0.003977515,-0.00622678,0.003772147,0.0073500127,-0.006171517,0.0016269013,-0.004166756,-0.0066118687,-0.0046054013,-0.00682637,-0.0044075176,0.011312323,-0.0072039515,0.99616957,1.0005866,1.0059086,1.0005978,0.991766,0.99275154,0.99794734,0.99356735,0.994406,1.0010614,0.9961807,0.9985661,0.99419487
